score,Q1,Q2,Q3,Q4,Q5,Q6,Q7,Q8,Q9,Q10,Q11,Q12,Q13,Q14,Q15,Q16,Q17,Q18,Q19,Q20,Q21,Q22,Q23,Q24,Q25,Q26,Q27,Q28,Q29,Q30,Q31,Q32,Q33,Q34,Q35,Q36,Q37,Q38,Q39,Q40
0,2,2,2,1,1,2,1,2,1,1,2,2,2,2,1,2,1,1,1,1,2,1,1,2,2,1,2,1,2,2,2,1,2,2,1,2,2,2,2,1
0,2,2,2,1,1,2,1,2,1,1,2,2,2,2,1,2,1,1,1,1,2,1,1,2,2,1,2,1,2,2,2,1,2,2,1,2,2,2,2,1
0,2,2,2,1,1,2,1,2,1,1,2,2,2,2,1,2,1,1,1,1,2,1,1,2,2,1,2,1,2,2,2,1,2,2,1,2,2,2,2,1
0,2,2,2,1,1,2,1,2,1,1,2,2,2,2,1,2,1,1,1,1,2,1,1,2,2,1,2,1,2,2,2,1,2,2,1,2,2,2,2,1
0,2,2,2,1,1,2,1,2,1,1,2,2,2,2,1,2,1,1,1,1,2,1,1,2,2,1,2,1,2,2,2,1,2,2,1,2,2,2,2,1
0,2,2,2,1,1,2,1,2,1,1,2,2,2,2,1,2,1,1,1,1,2,1,1,2,2,1,2,1,2,2,2,1,2,2,1,2,2,2,2,1
0,2,2,2,1,1,2,1,2,1,1,2,2,2,2,1,2,1,1,1,1,2,1,1,2,2,1,2,1,2,2,2,1,2,2,1,2,2,2,2,1
0,2,2,2,1,1,2,1,2,1,1,2,2,2,2,1,2,1,1,1,1,2,1,1,2,2,1,2,1,2,2,2,1,2,2,1,2,2,2,2,1
0,2,2,2,1,1,2,1,2,1,1,2,2,2,2,1,2,1,1,1,1,2,1,1,2,2,1,2,1,2,2,2,1,2,2,1,2,2,2,2,1
0,2,2,2,1,1,2,1,2,1,1,2,2,2,2,1,2,1,1,1,1,2,1,1,2,2,1,2,1,2,2,2,1,2,2,1,2,2,2,2,1
0,0,0,0,0,0,0,0,0,0,0,0,0,0,0,0,0,0,0,0,0,0,0,0,0,0,0,0,0,0,0,0,0,0,0,0,0,0,0,0,0
0,2,2,2,1,1,2,1,2,1,1,2,2,2,2,1,2,1,0,1,1,2,1,1,2,2,1,2,1,2,2,2,1,2,2,1,2,2,0,2,0
0,2,2,2,1,1,2,1,2,1,1,2,2,2,2,1,2,1,1,1,1,2,1,1,2,2,1,2,1,2,2,2,1,2,2,1,2,2,2,2,1
0,2,2,2,1,1,2,1,2,1,1,2,2,2,2,1,2,1,1,1,1,2,1,1,2,2,1,2,1,2,2,2,1,2,2,1,2,2,2,2,1
0,2,2,2,1,1,2,1,2,1,1,2,2,2,2,1,2,1,1,1,1,2,1,1,2,2,1,2,1,2,2,2,1,2,2,1,2,2,2,2,1
0,2,2,2,1,1,2,1,2,1,0,2,2,2,2,0,2,1,1,1,1,2,1,1,2,2,1,2,1,0,2,2,1,2,2,0,2,2,2,2,1
0,2,2,2,1,1,2,1,2,1,1,2,2,2,2,1,2,1,1,1,1,2,1,1,2,2,1,2,1,2,2,2,1,2,2,1,2,2,2,2,1
1,1,2,2,1,1,2,1,2,1,1,2,2,2,2,1,2,1,1,1,1,2,1,1,2,2,1,2,1,2,2,2,1,2,2,1,2,2,2,2,1
1,2,2,2,1,1,2,1,2,1,1,1,2,2,2,1,2,1,1,1,1,2,1,1,2,2,1,2,1,2,2,2,1,2,2,1,2,2,2,2,1
1,2,2,2,1,1,2,1,2,1,1,1,2,2,2,1,2,1,1,1,1,2,1,1,2,2,1,2,1,2,2,2,1,2,2,1,2,2,2,2,1
1,1,2,2,1,1,2,1,2,1,1,2,2,2,2,1,2,1,1,1,1,2,1,1,2,2,1,2,1,2,2,2,1,2,2,1,2,2,2,2,1
1,2,2,2,1,1,2,1,2,1,1,1,2,2,2,1,2,1,1,1,1,2,1,1,2,2,1,2,1,2,2,2,1,2,2,1,2,2,2,2,1
1,1,2,2,1,1,2,1,2,1,1,2,2,2,2,1,2,1,1,1,1,2,1,1,2,2,1,2,1,2,2,2,1,2,2,1,2,2,2,2,1
1,2,2,2,1,2,2,1,2,1,1,2,2,2,2,1,2,1,1,1,1,2,1,1,2,2,1,2,1,2,2,2,1,2,2,1,2,2,2,2,1
1,2,2,2,1,1,2,1,2,1,1,2,2,2,2,1,1,1,1,0,1,2,1,1,2,2,1,2,1,2,2,2,1,2,2,1,2,2,2,2,1
1,2,2,2,1,1,2,1,2,1,1,2,2,2,2,1,2,1,1,1,1,2,2,1,2,2,1,2,1,2,2,2,1,2,2,1,2,2,2,2,1
1,2,2,2,1,1,2,1,2,1,1,2,2,2,2,1,1,1,1,1,1,2,1,1,2,2,1,2,1,2,2,2,1,2,2,1,2,2,2,2,1
1,2,2,2,1,1,2,1,2,1,1,2,2,2,2,1,2,1,1,1,1,2,1,1,1,2,1,2,1,2,2,2,1,2,2,1,2,2,2,2,1
1,2,2,2,1,1,2,1,2,1,1,2,2,2,2,1,2,2,1,1,1,2,1,1,2,2,1,2,1,2,2,2,1,2,2,1,2,2,2,2,1
1,2,2,2,1,1,2,1,2,1,1,2,2,2,2,1,2,1,1,1,1,2,1,1,2,2,1,2,1,2,2,2,1,2,2,1,2,2,2,1,1
1,2,2,2,1,1,2,1,2,1,1,2,2,2,2,1,2,1,1,1,1,2,1,1,2,2,1,2,1,2,2,2,1,2,2,2,2,2,2,2,1
1,2,2,2,1,1,2,1,2,1,1,2,2,2,1,1,2,1,1,1,1,2,1,1,2,2,1,2,1,2,2,2,1,2,2,1,2,2,2,2,1
1,2,2,2,1,1,2,1,2,1,1,2,2,2,2,1,2,1,1,1,1,2,1,1,1,2,1,2,1,2,2,2,1,2,2,1,2,2,2,2,1
1,2,2,2,1,1,2,1,2,1,1,2,2,2,2,1,2,1,1,1,1,2,1,1,2,2,2,2,1,2,2,2,1,2,2,1,2,2,2,2,1
2,2,2,2,1,1,2,1,2,1,1,2,2,2,2,1,2,1,1,1,1,2,1,1,2,2,2,2,1,2,2,1,1,2,2,1,2,2,2,2,1
2,2,2,2,1,1,2,1,2,1,1,2,2,2,2,1,2,2,1,1,1,2,1,1,2,2,2,2,1,2,2,2,1,2,2,1,2,2,2,2,1
2,2,2,2,1,1,2,1,2,1,2,2,1,2,2,1,2,1,1,1,1,2,1,1,2,2,1,2,1,2,2,2,1,2,2,1,2,2,2,2,1
2,2,2,2,1,1,2,1,2,1,1,2,2,2,2,1,1,1,1,1,1,2,2,1,2,2,1,2,1,2,2,2,1,2,2,1,2,2,2,2,1
2,2,2,2,1,1,2,1,2,1,1,1,2,2,2,1,2,1,1,1,1,2,1,1,2,2,1,2,1,1,2,2,1,2,2,1,2,2,2,2,1
2,2,2,2,1,1,2,1,1,1,1,1,2,2,2,1,2,1,1,1,1,2,1,1,2,2,1,2,1,2,2,2,1,2,2,1,2,0,2,2,1
2,1,2,2,1,1,2,1,1,1,1,2,2,2,2,1,2,1,1,1,1,2,1,1,2,2,1,2,1,2,2,2,1,2,2,1,2,2,2,2,1
2,1,2,2,1,1,2,1,2,1,1,2,2,2,2,1,2,1,1,1,1,2,1,1,2,2,1,2,1,2,2,1,1,2,2,1,2,2,2,2,1
2,2,2,2,1,1,2,1,2,1,1,2,1,2,2,1,2,1,1,1,1,2,2,1,2,2,1,2,1,2,2,2,1,2,2,1,2,2,2,2,1
2,2,2,2,1,1,2,1,2,1,1,2,2,2,2,1,2,1,1,1,1,2,2,1,2,2,2,2,1,2,2,2,1,2,2,1,2,2,2,2,1
2,2,2,2,1,1,2,1,1,1,1,2,2,2,2,1,2,1,1,1,1,2,1,1,2,2,1,2,1,1,2,2,1,2,2,1,2,2,2,2,1
2,2,2,2,1,1,2,1,2,1,1,2,2,2,2,1,2,1,1,1,1,2,1,1,1,2,2,2,1,2,2,2,1,2,2,1,2,2,2,2,1
2,2,2,2,1,1,2,1,2,1,1,2,2,2,2,1,2,1,1,1,1,2,2,1,2,2,1,2,1,2,2,2,1,2,1,1,2,2,2,2,1
2,2,2,2,1,2,2,1,2,1,1,1,2,2,2,1,2,1,1,1,1,2,1,1,2,2,1,2,1,2,2,2,1,2,2,1,2,2,2,2,0
2,2,2,2,1,1,2,1,2,1,1,2,2,2,2,1,2,1,1,1,1,2,2,1,2,2,2,2,1,2,2,2,1,2,2,1,2,2,2,2,1
2,2,2,2,1,1,2,1,2,1,1,2,2,2,2,2,2,2,1,1,1,2,1,1,2,2,1,2,1,2,2,2,1,2,2,1,2,2,2,2,1
2,2,2,2,1,1,2,1,1,1,1,2,2,2,2,1,2,1,1,1,1,2,1,1,1,2,1,2,1,2,2,2,1,2,2,1,2,2,2,2,1
3,1,2,2,1,1,1,1,2,1,1,2,2,2,2,1,2,1,1,1,1,2,1,1,2,2,2,2,1,2,2,2,1,2,2,1,2,2,2,2,1
3,2,2,2,1,1,2,1,2,1,1,2,2,2,2,2,2,1,1,2,1,2,1,1,2,2,1,2,1,1,0,2,1,2,2,1,2,2,2,2,1
3,2,2,2,1,1,2,1,2,1,1,1,2,2,2,1,2,1,1,1,1,2,2,1,2,2,2,2,1,2,2,2,1,2,2,1,2,2,2,2,1
3,1,2,2,1,2,2,1,2,1,1,2,2,2,2,1,2,1,1,1,1,2,1,1,2,2,1,2,1,2,2,1,1,2,2,1,2,2,2,2,1
3,2,2,2,1,1,2,1,2,1,1,2,2,2,2,1,2,1,1,1,1,1,2,1,2,2,2,2,1,2,2,2,1,2,2,1,2,2,2,2,1
3,2,2,2,1,1,2,1,1,1,1,1,2,2,2,1,2,1,1,1,1,2,2,1,2,2,1,2,1,2,2,2,1,2,2,1,2,2,2,2,1
3,2,1,2,1,1,2,1,2,1,1,1,2,2,2,1,2,1,1,1,1,2,2,1,2,2,1,2,1,2,2,2,1,2,2,1,2,2,2,2,1
3,2,2,2,1,2,2,1,1,1,1,2,2,2,2,1,2,1,1,1,1,2,1,1,2,2,2,2,1,2,2,2,1,2,2,1,2,2,2,2,1
3,1,2,2,1,1,2,1,2,1,1,1,2,2,1,1,2,1,1,1,1,2,1,1,2,2,1,2,1,2,2,2,1,2,2,1,2,2,2,2,1
3,1,2,2,1,2,2,1,2,1,2,2,2,2,2,1,2,1,1,1,1,2,1,1,2,2,1,2,1,2,2,2,1,2,2,1,2,2,2,2,1
3,2,2,2,1,1,2,1,2,1,0,0,0,0,0,0,1,2,1,1,0,0,0,0,0,0,1,2,1,2,0,0,0,0,0,0,2,2,2,1,0
3,2,2,2,1,1,2,1,2,1,1,1,2,2,2,1,2,1,1,1,1,2,1,1,2,2,2,0,1,1,2,2,1,2,2,1,2,2,2,2,1
3,2,2,2,1,1,2,1,2,1,1,1,2,2,2,1,2,1,2,1,2,2,1,1,2,2,1,2,1,2,2,2,1,2,2,1,2,2,2,2,1
3,2,2,2,1,2,2,1,2,1,1,2,2,2,2,1,2,1,1,1,2,2,1,1,2,2,0,2,1,2,2,2,1,2,2,1,2,2,2,1,1
3,2,1,2,1,1,2,1,2,1,2,1,2,2,2,1,2,1,1,1,1,2,1,1,2,2,1,2,1,2,2,2,1,2,2,1,2,2,2,2,1
3,2,2,2,1,1,2,1,1,1,1,2,2,2,2,1,2,1,1,2,1,2,1,1,2,2,1,2,1,1,2,2,1,2,2,1,2,2,2,2,1
3,2,2,2,1,1,2,1,1,1,1,2,2,2,2,1,1,1,1,1,1,1,1,1,2,2,1,2,1,2,2,2,1,2,2,1,2,2,2,2,1
4,2,2,2,1,1,1,1,2,1,1,2,2,2,2,1,2,1,1,1,1,2,1,1,1,2,1,2,1,1,2,2,1,2,2,1,2,2,1,2,1
4,1,2,2,1,1,2,1,1,2,1,2,2,2,2,1,2,1,1,1,1,2,1,1,2,2,1,2,1,2,2,2,2,2,2,1,2,2,2,2,1
4,2,2,2,1,2,2,1,2,1,1,2,2,2,2,1,2,2,1,1,1,2,1,1,2,2,2,2,1,2,2,2,1,2,2,1,2,1,2,2,1
4,1,2,2,1,1,2,1,2,1,1,2,2,2,2,1,1,1,1,1,1,2,2,1,1,2,1,2,1,2,2,2,1,2,2,1,2,2,2,2,1
4,2,2,2,1,2,2,1,2,1,1,2,2,2,2,2,2,1,1,2,1,2,0,1,2,2,1,2,1,1,2,2,1,2,2,1,2,2,2,2,1
4,1,2,2,1,1,2,1,2,1,1,2,2,2,2,1,2,1,2,1,2,2,1,1,2,2,2,2,1,2,2,2,1,2,2,1,2,2,2,2,1
4,2,2,2,1,1,2,1,2,1,1,2,2,2,1,1,2,1,1,1,1,2,1,1,2,2,2,2,1,1,2,1,1,2,2,1,2,2,2,2,1
4,2,2,2,1,1,2,2,2,1,1,2,2,2,2,1,2,1,2,1,2,2,2,1,2,2,1,2,1,2,2,2,1,2,2,1,2,2,2,2,1
4,2,2,2,1,1,1,1,2,1,1,1,2,2,2,1,1,2,1,1,1,2,1,1,2,2,1,2,1,2,2,2,1,2,2,1,2,2,2,2,1
4,1,2,2,1,1,1,1,2,1,1,2,2,2,2,1,2,1,1,1,2,2,1,1,2,2,1,2,1,2,2,2,1,2,2,1,2,1,2,2,1
4,2,2,2,1,1,2,1,2,1,2,2,2,2,2,1,1,1,1,1,1,2,1,1,2,1,1,2,1,2,2,1,1,2,2,1,2,2,2,2,1
4,1,2,2,1,1,2,1,2,1,1,2,2,2,2,1,1,1,1,1,1,2,1,1,2,2,1,2,1,1,2,2,1,1,2,1,2,2,2,2,1
4,2,2,2,1,1,2,1,1,1,2,2,2,2,2,1,2,1,1,1,1,2,1,1,2,2,2,2,1,2,2,2,1,2,2,1,2,2,2,1,1
4,1,2,2,1,1,2,1,2,1,1,2,2,2,2,1,2,1,1,1,1,2,1,1,1,2,1,2,1,2,2,2,1,2,2,1,2,1,2,2,2
4,2,2,2,1,1,2,1,2,1,1,2,2,2,2,1,2,1,2,1,1,2,1,0,2,2,2,2,1,1,2,1,1,2,2,1,2,2,2,2,1
4,1,2,2,1,1,2,1,2,1,1,2,1,2,2,1,2,1,1,1,1,2,1,1,2,1,1,2,1,2,2,1,1,2,2,1,2,2,2,2,1
4,2,2,2,1,1,2,1,2,1,1,1,1,2,2,2,2,1,1,1,1,2,1,1,1,2,1,2,1,2,2,2,1,2,2,1,2,2,2,2,1
5,2,2,2,1,1,2,1,1,2,1,2,2,2,2,1,1,1,1,1,1,2,2,1,2,2,1,2,1,2,2,2,1,2,2,1,2,2,2,2,2
5,1,2,2,1,1,2,1,1,1,1,2,2,2,2,1,2,1,2,1,1,2,1,1,2,2,1,2,1,1,1,2,1,2,2,1,2,2,2,2,1
5,1,2,2,1,1,2,2,2,1,1,2,2,2,2,1,2,1,1,1,2,2,2,1,2,2,1,2,1,2,2,2,1,2,2,2,2,2,2,2,1
5,2,2,2,1,1,2,1,2,1,1,2,1,2,1,1,2,1,1,1,2,2,1,1,1,1,1,2,1,2,2,2,1,2,2,1,2,2,2,2,1
5,2,2,2,1,1,2,1,2,1,1,1,2,2,2,1,2,2,1,1,1,2,2,1,2,2,2,2,1,1,2,2,1,2,2,1,2,2,2,2,1
5,2,2,2,1,1,2,1,1,1,1,2,2,1,2,1,2,1,1,1,1,2,1,1,2,2,2,2,2,1,2,2,1,2,2,1,2,2,2,2,1
5,1,2,2,1,1,2,1,1,1,2,2,2,2,2,1,2,1,1,1,1,2,1,1,2,2,2,2,1,2,1,2,1,2,2,1,2,2,2,2,1
5,2,2,2,1,2,2,1,1,1,2,2,2,2,2,1,2,1,1,1,1,2,2,1,1,2,1,2,1,2,2,2,1,2,2,1,2,2,2,2,1
5,2,2,2,1,2,2,1,1,1,1,2,2,2,2,1,2,1,1,1,1,2,2,1,2,2,1,2,1,2,2,1,1,2,2,1,2,2,2,1,1
5,2,2,2,1,1,1,1,2,1,1,2,2,1,2,1,2,1,1,2,2,2,1,1,2,2,2,2,1,2,2,2,1,2,2,1,2,2,2,2,1
5,2,2,2,1,2,2,1,2,1,1,2,1,2,2,1,2,1,1,1,1,1,2,1,2,2,2,2,1,2,2,2,1,2,2,1,2,2,2,2,1
5,2,2,2,1,2,2,1,2,1,1,2,1,2,1,1,2,1,1,1,1,2,1,1,2,2,1,2,1,2,2,1,1,2,2,1,2,1,2,2,1
5,1,2,2,1,2,2,1,1,1,2,1,2,2,2,1,2,1,1,1,1,2,1,1,2,2,1,2,1,2,2,2,1,2,2,1,2,2,2,2,1
5,2,2,2,1,1,2,1,2,1,1,2,2,2,2,1,2,1,1,2,1,2,1,1,1,2,1,2,1,1,2,2,1,2,1,1,2,1,2,2,1
5,2,2,2,1,1,2,1,2,1,1,2,1,1,1,1,2,1,1,1,2,2,1,1,2,2,1,2,1,2,2,2,1,1,2,1,2,2,2,2,1
5,1,2,2,1,1,2,1,2,1,1,2,2,2,2,1,2,1,2,2,1,2,2,1,2,2,1,2,1,2,2,2,1,2,2,1,2,2,2,1,1
5,2,2,2,1,1,2,1,1,1,1,2,2,2,2,1,2,1,1,1,2,2,1,1,2,2,2,2,1,2,2,1,1,1,2,1,2,2,2,2,1
6,2,2,2,1,2,2,1,2,1,1,2,2,2,1,2,2,1,1,2,1,2,2,1,2,2,2,2,1,2,2,2,1,2,2,1,2,2,2,2,1
6,1,2,1,1,1,2,1,2,1,2,2,2,2,2,1,1,1,1,1,1,1,2,1,2,2,1,2,1,2,2,2,1,2,2,1,2,2,2,0,1
6,2,2,2,1,2,1,1,2,1,1,2,2,2,2,1,1,1,1,1,1,2,1,1,2,2,2,2,1,2,2,2,1,2,2,2,2,1,2,2,1
6,1,2,2,1,2,2,1,2,1,1,2,2,2,2,1,2,1,1,1,1,2,1,1,2,2,2,2,1,1,2,2,1,1,2,1,2,1,2,2,1
6,2,2,2,1,1,1,2,1,1,1,2,1,2,2,1,2,1,1,1,1,2,1,1,2,2,1,2,1,2,2,2,2,1,2,1,2,2,2,2,1
6,1,2,2,1,1,2,1,2,1,1,1,2,2,2,2,2,1,1,1,1,2,1,1,2,2,2,2,1,1,1,2,1,2,2,1,2,2,2,2,1
6,2,2,2,1,1,2,1,2,1,1,2,2,2,2,2,1,1,1,2,1,2,1,1,2,2,2,2,2,1,2,2,1,2,2,1,2,2,2,2,1
6,1,2,2,1,1,1,1,2,1,1,1,1,2,2,1,1,1,1,1,1,2,1,1,2,2,1,2,1,2,2,2,2,2,2,1,2,2,2,2,1
6,1,2,2,1,1,1,2,2,1,1,1,2,2,2,1,2,1,1,1,2,2,1,1,2,2,1,2,2,2,2,2,1,0,2,1,2,2,2,2,1
6,2,2,2,1,1,2,2,2,1,1,2,2,1,2,1,2,1,1,1,1,2,1,1,2,2,2,2,1,2,2,1,1,2,1,1,2,2,2,2,2
6,2,2,2,1,2,2,1,2,1,2,2,2,2,2,1,1,1,1,1,1,2,2,1,2,2,1,2,1,2,2,2,1,2,2,2,2,2,2,1,1
6,2,2,2,1,1,2,1,1,1,1,2,2,2,2,1,2,1,1,2,2,2,2,1,1,2,1,2,1,1,2,2,1,2,2,1,2,2,2,2,1
6,1,2,2,1,1,2,1,2,2,1,1,2,2,2,2,2,1,1,1,1,2,1,1,2,2,1,2,1,1,2,2,1,2,2,1,2,2,2,2,2
6,2,2,2,1,1,2,1,1,1,1,2,2,2,2,2,2,1,1,2,1,2,1,1,2,2,1,2,1,1,2,2,1,2,2,1,2,2,1,1,1
6,2,2,1,1,1,2,1,2,2,1,2,2,1,2,1,2,1,1,2,1,2,1,1,2,2,2,2,1,1,2,2,1,2,2,1,2,2,2,2,1
6,1,2,2,1,1,2,1,1,1,1,1,2,2,2,1,1,2,1,1,1,2,1,1,2,2,1,2,2,2,2,2,1,2,2,1,2,2,2,2,1
6,1,2,2,1,1,1,2,2,1,2,1,2,2,2,1,2,1,1,1,1,2,2,1,2,2,1,2,1,2,2,2,1,2,2,1,2,2,2,2,1
7,2,2,2,1,2,2,2,2,1,1,2,2,2,2,1,1,1,1,1,1,2,1,1,2,2,1,2,2,2,1,2,1,2,1,1,2,2,2,1,1
7,1,2,2,1,1,1,1,1,1,1,1,2,1,2,1,1,1,1,1,1,2,1,1,2,2,1,2,1,2,2,2,1,2,2,2,2,2,2,2,1
7,2,2,2,1,1,1,1,2,1,1,2,2,2,2,2,2,2,1,2,1,2,1,1,1,2,2,2,1,1,2,2,1,2,2,1,2,2,2,2,1
7,1,1,2,1,2,1,1,2,1,1,2,2,2,2,1,1,2,1,1,1,2,1,1,2,2,1,2,1,2,2,2,1,2,1,1,2,2,2,2,1
7,2,2,2,1,1,2,1,2,1,1,1,1,2,1,1,2,1,1,1,1,1,2,1,1,2,1,2,1,2,2,2,1,1,2,1,2,2,2,2,1
7,1,2,2,1,1,2,1,1,1,2,1,1,2,2,1,2,1,1,1,1,2,1,1,2,2,1,2,1,2,2,2,1,1,1,1,2,2,2,2,1
7,2,2,2,1,2,2,1,1,1,1,2,2,2,2,1,2,1,1,1,1,2,1,1,2,2,1,2,2,2,2,1,1,2,2,2,2,2,2,1,2
7,2,2,2,1,1,2,1,1,1,1,1,1,2,1,1,2,2,1,1,1,2,2,1,2,2,1,2,1,2,2,2,1,2,2,1,2,2,2,1,1
7,2,2,2,1,1,2,1,1,1,1,2,2,2,2,1,2,1,1,1,1,2,1,1,2,1,1,2,1,1,1,2,1,2,2,1,2,2,1,1,2
7,1,2,2,1,1,2,1,1,1,2,2,2,2,2,1,1,1,1,1,1,2,1,2,2,2,2,2,1,2,2,2,1,2,1,1,2,2,2,2,1
7,1,2,2,1,1,2,1,2,1,1,2,2,1,2,1,1,1,1,1,1,2,1,1,2,2,2,2,2,1,2,1,1,2,2,1,2,2,2,2,1
7,2,2,1,1,1,2,2,2,1,1,2,2,2,1,1,2,2,1,1,1,2,1,1,2,1,1,2,1,2,1,2,1,2,2,1,2,1,2,2,1
7,1,2,2,1,1,2,1,1,1,2,2,2,1,2,1,1,1,1,1,1,2,1,1,2,2,1,2,1,2,2,2,1,2,2,2,2,2,2,1,1
7,1,2,2,1,2,2,2,1,1,1,2,1,2,2,1,2,1,1,1,1,2,1,1,2,2,2,2,1,2,2,2,1,1,2,1,2,2,2,2,1
7,1,2,2,1,1,2,1,1,1,1,2,1,2,2,1,1,1,1,1,1,2,1,2,2,1,1,2,1,2,2,2,1,2,1,1,2,2,2,2,1
7,2,2,2,1,2,2,1,2,2,1,2,2,2,2,1,1,1,1,1,1,2,2,1,1,2,2,2,1,2,2,1,1,2,2,1,2,2,2,2,1
7,1,2,2,1,1,2,1,1,1,0,1,2,2,2,1,2,1,1,1,2,2,1,1,2,2,2,2,2,1,2,2,1,2,2,1,2,2,2,2,1
8,1,2,2,1,1,2,1,2,2,2,2,2,2,2,2,1,1,1,2,1,2,1,1,2,2,1,2,2,2,2,2,1,2,2,1,2,2,2,2,2
8,1,2,2,1,1,2,2,2,1,1,2,1,2,1,1,2,1,1,2,1,2,1,1,2,2,1,2,2,2,2,2,1,1,2,1,2,2,2,2,2
8,2,2,2,1,1,1,1,1,2,1,2,2,2,2,1,2,1,2,1,2,2,1,1,1,1,1,2,1,2,2,2,1,2,2,1,2,2,2,2,2
8,1,2,2,1,1,2,1,1,1,2,1,2,2,2,1,2,1,1,2,1,1,1,1,2,2,2,2,1,2,2,1,1,2,2,1,2,2,2,2,1
8,2,2,2,1,1,1,1,2,1,2,2,2,2,2,1,1,1,1,1,1,2,2,1,1,2,1,2,1,2,2,2,2,2,2,1,1,2,2,1,1
8,1,2,2,1,1,1,1,1,1,2,2,1,2,2,1,1,1,1,1,1,2,1,1,1,2,1,2,1,2,2,2,1,1,2,1,2,2,2,2,1
8,1,2,2,1,1,1,1,2,1,2,1,1,1,2,1,2,1,1,1,1,2,2,1,2,2,1,2,1,2,2,2,1,1,2,1,2,2,2,2,1
8,2,2,2,1,1,2,1,2,1,2,1,1,2,2,1,1,1,1,1,1,2,2,1,2,2,2,2,1,2,2,2,1,1,2,1,2,2,2,1,1
8,2,2,2,1,1,2,2,2,1,2,1,2,2,2,2,2,1,2,1,1,2,2,1,2,2,1,2,1,1,1,2,1,2,2,1,2,2,2,2,1
8,1,2,2,1,1,2,1,2,2,2,1,1,2,2,1,2,1,1,1,1,2,1,1,1,2,1,2,1,2,2,2,1,1,2,1,2,2,2,1,1
8,2,2,2,2,2,2,1,2,1,2,1,2,2,1,1,2,1,1,1,1,1,2,1,2,2,1,2,1,2,2,2,1,1,2,1,2,2,2,2,1
8,1,2,2,1,1,1,1,1,1,2,2,2,1,2,1,2,1,1,1,1,2,1,1,1,2,1,1,1,2,2,2,1,2,2,2,2,2,2,2,1
8,2,2,2,1,2,1,1,2,2,2,2,2,1,2,1,1,1,1,1,1,2,1,1,2,2,1,2,1,2,2,2,1,1,2,1,2,2,2,0,2
8,2,2,2,1,1,2,1,1,2,1,2,2,2,2,1,2,1,2,1,1,2,1,1,2,2,1,2,2,1,2,2,1,1,2,1,2,2,2,1,2
8,2,2,2,1,1,1,1,2,2,1,2,2,2,1,1,2,1,1,1,1,2,2,1,2,1,2,1,1,2,2,2,1,2,2,1,2,2,1,2,1
8,2,2,2,1,1,2,1,1,1,2,2,2,2,1,1,2,2,2,1,1,2,1,1,2,2,1,2,1,2,2,2,2,1,2,1,2,2,2,2,2
8,2,2,2,1,2,2,1,1,1,1,1,1,2,2,1,2,1,1,1,1,1,2,1,2,2,1,1,1,2,1,2,1,2,2,1,2,2,2,2,1
9,2,2,2,1,2,2,1,2,1,1,2,2,1,1,1,1,1,1,1,1,2,1,1,1,1,1,2,1,2,2,1,1,2,1,1,2,2,2,2,2
9,2,2,2,1,1,2,1,1,1,1,2,1,2,1,1,1,1,2,1,1,2,2,1,1,1,1,2,1,2,2,2,1,1,2,1,2,2,2,2,1
9,2,2,2,1,1,2,2,1,1,1,1,2,2,2,1,2,1,1,1,2,2,1,1,2,2,1,2,1,1,1,1,1,2,2,1,2,1,2,2,2
9,1,2,2,1,1,1,1,2,2,1,2,1,2,2,1,2,1,2,1,1,2,1,1,2,2,2,2,1,1,2,1,1,0,2,0,2,2,2,2,2
9,1,2,2,1,1,2,1,2,1,2,2,1,2,2,1,2,2,1,1,1,2,1,1,2,2,1,1,1,1,2,2,2,1,2,1,2,1,2,2,1
9,1,2,1,1,1,2,1,1,1,2,2,2,2,2,1,2,1,1,1,1,1,2,1,2,2,2,2,2,2,2,2,1,2,1,1,2,2,2,2,1
9,1,2,2,1,1,2,1,1,2,2,2,2,2,2,1,2,1,1,1,1,2,1,1,2,2,1,2,1,1,2,1,1,2,1,1,2,2,2,1,2
9,2,1,2,1,1,2,2,2,1,1,2,1,2,2,2,2,1,1,2,1,2,2,1,2,2,2,2,1,1,1,2,1,2,2,1,2,2,2,2,1
9,2,2,2,1,1,1,1,2,2,1,2,1,1,2,1,1,1,1,1,1,2,1,1,1,2,1,2,1,2,2,2,1,1,1,2,2,2,2,2,1
9,1,2,2,1,1,1,1,1,1,1,2,2,2,2,1,1,1,1,1,1,2,1,1,1,1,1,1,1,2,2,2,1,2,1,1,2,1,2,2,1
9,2,1,2,1,1,2,1,2,2,1,1,2,2,2,1,1,1,1,2,2,2,1,1,2,2,1,2,1,1,2,2,1,2,1,1,2,1,2,2,1
9,2,2,2,1,1,2,1,2,2,1,2,2,1,2,1,2,1,1,1,2,2,2,1,1,2,1,2,2,1,2,2,1,2,2,2,2,2,2,2,2
9,1,1,2,1,1,2,1,1,1,1,2,2,1,1,1,2,1,1,1,1,2,1,1,1,1,2,2,1,2,2,2,1,2,2,1,2,2,2,2,2
9,1,2,2,1,2,2,1,2,1,2,2,2,1,2,1,1,1,1,1,1,2,1,1,1,1,1,2,1,2,2,2,1,2,2,2,2,2,2,2,2
9,2,2,1,1,1,2,1,1,1,2,2,1,2,2,1,2,1,1,1,1,2,2,1,2,2,2,2,1,1,2,1,1,2,2,1,2,2,2,1,1
9,1,2,2,1,2,1,1,2,2,1,1,1,2,2,1,2,1,1,2,1,2,1,1,2,2,1,2,1,1,2,2,1,2,2,1,2,2,2,2,2
9,2,2,1,1,1,2,1,2,2,1,2,1,2,2,1,2,1,1,2,2,2,2,1,2,2,2,2,1,2,2,2,1,2,2,1,2,2,2,1,2
10,1,2,2,1,1,2,1,1,2,1,1,1,2,2,1,2,1,1,1,1,1,1,1,2,2,2,2,1,1,2,2,1,2,2,1,2,2,2,1,2
10,1,2,2,1,2,2,1,2,1,2,1,1,2,2,1,2,1,1,2,1,2,2,1,2,2,2,2,1,1,2,2,1,1,2,1,2,2,2,2,1
10,2,2,2,1,1,2,2,1,2,1,2,1,2,2,1,1,1,1,1,1,2,1,1,2,2,2,2,1,2,1,1,1,2,2,1,2,2,2,1,2
10,2,1,2,1,2,2,2,1,1,1,0,2,2,2,1,2,1,2,1,2,2,2,1,1,2,2,2,1,2,1,2,1,2,2,1,2,2,2,2,1
10,1,2,2,1,1,1,1,1,1,2,2,2,1,2,2,2,1,1,2,1,2,1,1,2,2,1,2,2,1,2,1,1,2,2,1,2,2,2,2,1
10,1,2,1,1,2,1,1,2,0,1,2,2,2,2,1,2,1,1,1,1,2,2,1,2,2,1,2,2,2,2,1,2,2,2,2,2,2,2,0,2
10,1,2,2,1,2,2,1,2,1,1,2,2,2,2,1,1,1,1,2,2,2,1,1,1,2,2,2,1,1,2,1,1,2,2,1,2,2,2,1,1
10,1,2,2,1,2,2,2,1,2,2,1,2,2,2,1,2,1,1,1,1,2,1,1,2,2,2,2,1,2,1,2,1,1,2,1,2,2,2,2,1
10,1,2,1,1,1,2,2,2,2,2,2,1,2,2,1,2,1,1,1,1,2,1,1,2,2,1,2,1,1,1,2,1,2,1,1,2,1,2,2,1
10,1,2,1,1,1,1,1,1,2,1,2,2,2,2,1,1,1,1,1,2,2,1,1,2,2,1,2,1,2,2,2,1,2,1,1,2,1,2,1,1
10,1,1,2,2,1,1,1,1,2,1,2,2,1,2,1,2,1,2,1,2,2,1,1,2,2,1,2,1,1,2,2,1,2,2,1,2,2,2,2,1
10,1,2,1,1,1,2,2,2,1,2,1,2,2,2,1,1,1,1,1,1,2,2,1,2,2,2,2,2,2,2,2,1,2,1,1,2,2,2,2,1
10,2,2,2,1,2,1,1,1,1,1,2,1,1,2,1,2,2,1,1,2,2,1,1,2,2,2,1,1,2,2,2,1,2,2,1,2,2,2,1,1
10,2,2,2,1,1,2,1,1,2,1,1,2,2,2,1,2,1,1,1,1,2,2,1,2,2,2,2,1,1,2,2,1,2,1,1,2,1,2,1,2
10,1,2,2,1,1,2,1,1,1,1,2,2,1,2,1,2,1,2,1,1,2,1,1,1,1,2,2,1,2,2,1,1,2,1,2,2,2,2,2,1
10,1,2,2,1,1,2,1,2,1,1,2,2,1,2,2,2,1,1,2,1,2,2,1,2,2,2,2,1,1,1,2,1,2,2,1,2,1,2,2,2
10,1,2,1,1,2,2,1,2,1,1,2,1,2,2,1,1,1,1,1,1,2,1,1,2,2,1,1,1,2,2,1,1,1,2,2,2,2,2,1,1
11,2,2,2,1,2,2,2,2,1,2,1,1,2,2,1,1,1,1,1,1,2,2,1,2,2,2,2,1,2,2,1,1,1,2,1,2,2,2,1,1
11,2,2,1,1,1,2,1,1,2,2,2,2,2,2,1,1,1,1,1,1,2,2,1,2,2,2,2,1,2,2,2,2,2,2,2,2,1,2,2,2
11,1,2,1,1,1,1,2,2,2,2,2,2,1,2,1,2,1,1,2,1,2,1,1,2,2,1,2,1,1,1,2,1,2,1,1,2,2,2,2,1
11,2,2,2,1,1,2,1,1,2,1,2,2,2,2,2,2,2,1,2,1,2,1,1,2,2,2,2,2,1,2,1,1,2,2,1,2,2,1,2,2
11,1,2,2,1,1,1,1,1,1,1,2,1,2,1,1,1,1,2,1,2,1,1,1,1,1,1,2,1,2,2,2,1,2,2,1,2,2,2,2,1
11,2,2,2,1,1,2,1,1,1,2,2,2,2,2,2,2,1,2,2,2,2,1,1,2,2,1,1,1,1,2,1,1,2,2,1,2,2,1,1,1
11,1,2,2,1,1,1,1,2,1,1,2,2,1,2,1,1,1,1,1,2,2,1,2,2,2,2,2,1,2,2,2,2,1,2,2,2,2,2,2,2
11,1,2,2,1,1,2,1,1,2,1,1,2,2,2,1,1,1,1,2,1,2,1,2,2,2,2,2,1,1,2,2,1,2,2,1,2,1,2,2,2
11,1,2,2,1,1,2,1,1,1,1,1,2,2,2,1,1,2,2,1,1,1,1,1,2,2,1,2,1,1,2,2,2,2,1,1,2,2,2,1,1
11,1,1,2,1,2,1,1,1,0,2,2,2,1,2,1,2,1,1,1,1,2,1,1,1,2,2,2,1,2,2,2,2,1,2,1,2,2,2,2,1
11,2,2,2,1,1,2,1,1,2,2,1,2,2,2,1,2,2,1,2,1,2,1,1,2,2,2,2,2,1,2,1,1,1,2,1,2,2,2,2,1
11,2,2,2,1,1,2,1,1,1,2,2,2,2,2,1,1,2,2,1,1,2,1,2,2,2,2,2,1,2,2,1,1,1,1,1,2,1,2,2,1
11,2,2,2,1,1,2,1,1,2,2,2,1,2,2,1,1,1,2,1,1,2,1,1,2,2,1,2,1,2,2,1,1,1,1,1,2,2,2,1,2
11,2,2,2,1,2,1,1,1,2,1,2,2,2,1,1,2,1,2,1,1,2,2,1,1,1,2,2,2,2,2,2,1,2,2,1,2,2,2,2,1
11,2,2,2,1,1,2,1,1,2,2,2,1,2,2,1,1,2,1,2,1,2,2,1,2,2,1,2,1,1,2,2,1,1,2,1,2,1,2,2,1
11,2,2,1,1,2,1,1,1,1,1,1,2,2,1,1,1,0,1,1,2,2,2,1,2,2,2,2,1,1,2,2,1,2,2,1,2,2,2,2,1
11,1,2,2,1,1,1,1,2,1,1,1,2,1,2,1,1,2,1,2,1,2,1,1,2,2,1,1,1,1,2,1,1,1,2,1,2,2,2,2,1
12,1,2,2,1,2,2,1,2,1,2,2,2,2,2,1,1,1,1,2,1,2,2,1,2,2,2,2,1,1,2,1,1,2,1,2,2,2,2,2,2
12,1,2,2,1,1,1,1,2,1,2,2,1,1,2,1,2,1,2,1,1,2,1,1,2,2,1,2,1,2,2,1,2,1,2,2,1,2,2,1,1
12,1,2,2,2,1,2,1,1,1,2,1,2,2,2,1,2,2,1,1,1,2,2,1,2,2,2,1,1,2,2,2,1,2,1,1,2,1,2,2,2
12,2,2,2,1,2,2,1,1,1,0,2,1,2,2,2,2,1,2,2,1,2,2,1,2,2,1,2,1,1,2,1,2,2,2,1,2,1,2,2,2
12,1,2,2,1,2,2,1,1,1,2,1,1,2,2,1,2,2,1,1,1,1,1,1,2,2,2,2,1,2,2,1,1,1,2,1,2,1,2,2,1
12,1,2,2,1,1,1,1,1,2,1,1,2,2,2,1,1,1,1,1,1,2,1,1,2,2,2,2,1,2,0,1,2,1,2,2,2,2,2,2,2
12,2,2,2,1,2,2,1,2,1,1,1,1,2,1,2,1,1,1,2,1,2,2,1,2,2,2,2,1,2,2,1,1,2,1,2,2,2,2,2,1
12,1,2,2,1,2,2,1,1,1,1,2,1,1,1,1,2,1,2,1,1,2,1,2,2,2,2,1,1,2,2,2,2,1,2,1,2,2,2,2,1
12,2,2,1,1,1,2,1,1,1,1,1,2,2,2,2,1,1,1,1,2,2,2,1,1,2,1,2,1,1,2,1,1,2,2,2,2,2,1,2,1
12,1,2,1,1,2,2,1,1,1,2,2,2,2,2,1,1,1,1,2,1,2,1,1,2,2,1,2,1,1,2,1,2,1,2,2,2,2,2,2,1
12,2,2,1,1,2,1,1,2,1,2,2,2,2,2,1,2,1,1,2,1,1,2,1,1,2,1,2,2,1,2,2,1,2,2,1,2,1,1,2,1
12,1,2,2,1,1,2,1,1,1,2,1,1,2,2,1,2,1,1,1,1,2,1,2,1,1,2,2,1,2,2,2,1,2,1,1,1,2,2,1,1
12,2,2,2,1,2,1,1,2,1,1,2,2,1,2,1,1,2,1,1,1,1,2,1,2,2,1,1,1,2,2,1,1,2,2,2,2,2,2,1,2
12,2,1,2,1,1,1,2,2,2,1,2,2,2,1,1,2,2,1,2,1,2,1,1,2,1,2,2,1,1,1,2,1,2,1,1,2,2,2,2,1
12,2,1,2,1,2,2,1,1,1,2,1,2,2,2,2,2,2,1,2,1,2,1,1,2,2,1,2,1,2,1,1,1,2,1,1,2,1,2,2,1
12,2,2,2,1,1,1,2,2,1,1,1,2,2,2,2,2,1,1,2,1,2,1,1,2,2,2,2,1,1,1,1,1,1,1,1,2,2,2,2,2
12,2,2,2,1,1,1,1,1,2,1,2,2,2,2,1,2,1,1,1,2,1,2,2,1,1,1,2,1,2,1,2,2,2,2,1,2,2,2,1,1
13,1,2,2,1,1,2,2,2,2,2,2,2,2,2,2,1,2,1,2,1,2,1,1,2,2,2,2,1,2,1,2,1,2,1,1,2,1,2,2,2
13,2,2,2,2,2,1,1,1,2,1,2,2,2,1,1,2,1,2,1,1,2,2,2,1,2,1,1,1,2,2,1,1,2,2,1,2,2,2,1,1
13,1,2,2,1,1,1,2,2,1,2,2,2,2,2,1,1,1,1,1,1,2,1,2,2,2,1,2,2,1,1,2,1,2,1,2,2,2,2,1,2
13,2,2,2,1,2,1,1,1,1,1,2,2,2,2,1,1,1,1,2,1,1,2,1,1,1,1,2,1,2,2,1,1,1,1,1,2,2,2,1,1
13,2,2,2,2,1,2,1,1,2,1,2,1,2,2,2,2,2,2,2,1,2,2,1,2,2,2,2,1,1,2,2,1,2,2,1,2,1,2,2,2
13,1,2,1,1,2,2,1,2,1,2,2,1,2,2,1,1,1,1,1,1,2,2,1,2,2,2,2,1,2,1,2,2,1,2,2,2,2,2,1,1
13,1,2,2,1,1,2,1,1,2,2,1,1,1,2,1,2,1,1,1,1,2,1,1,2,2,1,2,2,2,2,2,2,1,2,1,2,1,2,1,2
13,2,2,2,1,1,2,1,1,1,2,1,1,2,2,1,1,2,1,2,1,2,1,1,1,2,2,2,1,2,2,1,2,1,2,1,2,2,2,1,1
13,2,2,2,1,1,2,1,1,2,2,2,1,2,1,1,1,1,2,1,1,2,1,1,2,1,1,2,1,2,2,1,0,1,1,1,2,2,2,1,2
13,1,2,2,1,2,1,2,2,1,1,2,2,2,1,2,1,1,1,1,2,2,2,1,2,1,1,2,1,2,1,1,1,2,2,1,2,2,2,1,1
13,1,2,2,1,2,1,2,2,2,2,2,2,2,2,1,2,1,1,1,1,2,2,1,2,1,1,2,1,1,1,1,1,2,2,2,2,2,2,2,2
13,1,2,2,1,2,2,1,1,1,2,2,1,2,2,1,2,1,1,2,1,2,1,1,2,2,1,2,1,1,2,1,2,1,1,1,1,2,2,1,1
13,2,2,2,1,2,2,1,1,2,2,2,2,1,1,1,2,2,1,2,1,2,2,1,2,2,2,1,1,1,2,1,1,2,2,1,2,2,2,2,1
13,2,2,2,2,1,2,1,1,1,1,2,2,1,1,2,1,1,1,2,1,2,2,1,1,1,2,2,2,2,2,1,1,2,2,1,2,2,2,2,1
13,1,2,2,1,2,1,1,2,2,1,2,2,1,2,1,1,1,1,1,2,2,1,2,1,2,2,2,1,2,2,1,2,2,2,1,2,2,2,1,1
13,1,2,1,1,1,1,1,2,1,0,1,2,1,2,1,1,1,1,1,1,2,2,2,2,2,1,2,1,2,2,2,1,2,1,2,1,1,2,2,2
13,2,1,1,1,1,2,1,1,2,1,1,1,2,1,1,2,1,1,1,1,2,1,1,2,1,2,1,1,2,2,2,1,1,2,1,2,2,2,1,2
14,1,2,1,1,2,1,1,2,1,1,1,2,2,2,2,2,1,1,1,2,2,1,1,1,2,2,2,1,1,2,1,1,2,2,1,1,2,1,1,1
14,1,2,1,1,1,1,1,1,2,1,1,1,2,2,1,1,2,1,1,1,2,1,1,2,2,2,2,1,2,2,1,1,2,2,1,2,1,1,1,1
14,1,2,2,1,2,1,1,2,1,2,2,1,1,2,1,2,2,1,1,1,2,1,1,2,2,2,2,1,2,1,1,2,1,2,2,2,2,2,1,1
14,2,2,2,1,1,1,2,1,1,1,2,1,2,1,1,1,1,1,1,2,2,1,1,2,2,1,1,2,1,2,1,1,2,1,1,2,1,2,1,1
14,1,2,2,2,2,2,1,1,2,1,1,1,2,2,1,2,1,1,1,1,2,2,1,2,2,2,2,1,2,2,1,1,2,2,2,1,2,2,1,2
14,1,2,2,2,2,2,1,1,1,2,1,2,2,2,1,1,2,1,1,1,2,1,1,1,2,2,2,1,1,1,2,2,1,2,1,2,2,2,2,1
14,1,1,2,2,1,1,1,1,2,1,2,1,1,2,1,2,1,2,1,1,2,2,2,2,2,1,2,1,2,2,2,1,2,1,1,2,1,2,2,2
14,1,2,2,1,1,2,2,1,2,2,1,1,2,2,1,1,1,2,1,1,2,1,1,2,2,2,2,1,2,1,2,2,1,2,1,2,1,2,2,1
14,2,2,2,1,2,2,1,1,2,1,2,2,1,1,2,2,1,1,2,1,2,2,1,1,1,1,2,1,1,2,1,1,2,2,1,2,1,2,2,2
14,2,2,2,1,1,2,2,1,2,1,2,2,2,1,1,2,1,1,1,1,2,2,2,2,2,2,2,1,2,1,1,2,1,2,2,2,2,2,1,2
14,1,2,2,1,1,2,2,1,1,1,2,2,1,1,1,1,2,1,1,1,2,2,1,2,2,2,2,1,1,1,1,1,2,2,1,2,2,2,1,2
14,1,2,2,1,1,2,1,1,1,2,2,1,1,2,2,2,2,1,2,1,2,2,1,2,2,2,2,2,1,2,2,1,1,1,1,2,2,2,2,1
14,1,1,2,1,2,2,2,1,1,2,2,1,2,1,2,2,1,1,1,1,2,1,1,2,2,2,1,1,1,1,2,1,2,2,1,2,2,2,2,2
14,2,2,1,1,1,1,2,1,2,1,2,1,2,2,1,2,2,2,1,1,2,2,1,2,2,2,2,2,2,2,1,1,2,1,1,2,2,1,2,1
14,1,1,1,1,1,2,1,2,2,1,1,2,1,2,1,1,1,2,2,1,2,1,1,1,2,1,2,1,1,2,1,1,2,1,1,2,1,2,2,1
14,2,2,2,2,1,1,1,2,2,1,2,2,2,1,2,1,1,2,2,2,1,1,1,1,2,2,2,1,1,2,2,1,2,2,1,2,2,2,1,1
14,2,1,2,1,1,1,1,1,2,2,2,2,1,2,1,2,1,2,1,2,2,1,1,2,2,1,2,1,2,2,1,2,1,2,1,2,1,2,1,2
15,2,2,1,1,1,1,1,2,1,2,1,1,2,2,1,1,1,1,1,2,2,1,2,2,2,2,2,2,2,2,1,1,2,1,2,2,1,2,1,1
15,1,1,1,1,1,2,2,1,1,2,1,1,1,2,1,2,2,1,1,1,2,1,1,1,2,1,2,1,2,1,2,2,1,2,1,2,1,2,2,1
15,2,2,2,1,2,1,1,1,2,2,2,1,2,2,1,1,1,2,1,1,2,2,1,2,2,2,1,1,1,2,2,1,1,1,1,2,2,2,2,2
15,2,2,2,1,1,2,2,1,2,1,2,2,1,1,1,2,1,1,1,1,1,1,1,1,1,2,2,1,1,1,1,1,2,1,2,2,2,1,2,1
15,1,1,2,2,1,1,1,1,2,1,1,1,2,1,2,1,1,1,2,1,2,2,1,2,2,1,2,1,2,2,2,1,2,2,1,2,1,1,2,1
15,1,1,2,1,1,1,1,1,1,2,1,1,2,2,1,1,1,1,1,1,1,1,2,2,2,2,2,1,2,2,1,1,1,2,2,2,2,2,1,1
15,1,2,1,1,2,1,1,1,1,1,2,1,2,2,1,1,1,2,1,2,2,1,1,2,2,2,1,1,1,2,2,2,2,2,1,2,2,2,1,2
15,1,2,2,1,2,2,2,2,2,2,1,1,2,2,1,2,2,2,2,1,2,1,1,2,2,2,2,1,2,2,1,2,1,2,1,2,2,2,2,2
15,1,2,2,1,2,2,2,2,1,2,1,0,2,1,1,1,2,1,1,2,1,2,1,2,2,1,2,1,2,2,2,2,1,2,2,1,2,2,2,1
15,1,2,1,1,2,2,1,1,1,2,2,2,2,2,1,1,1,2,1,1,1,2,2,2,2,1,1,1,2,2,2,2,1,1,1,2,2,2,1,1
15,1,2,2,1,1,2,2,1,1,1,2,2,1,1,1,1,1,2,2,1,2,1,1,1,2,1,1,2,1,2,1,1,2,2,2,2,2,2,1,1
15,2,2,2,1,1,2,1,1,2,2,1,1,2,1,1,1,1,1,1,1,2,1,1,1,1,1,2,1,2,1,1,1,1,2,1,1,1,2,1,1
15,1,2,1,1,1,1,1,1,2,1,1,1,2,1,1,1,1,1,1,1,2,1,1,2,2,1,1,2,1,2,2,1,1,2,1,2,1,2,1,1
15,1,0,1,1,1,1,1,1,2,1,2,2,2,2,1,2,1,2,2,2,2,2,1,2,2,1,2,1,1,2,1,2,2,2,1,2,1,2,1,2
15,1,2,1,1,1,2,2,1,1,1,2,1,2,2,1,1,1,1,1,2,2,1,1,2,2,2,2,2,2,1,1,1,1,1,1,2,1,2,2,2
15,1,1,2,1,2,2,2,1,1,1,1,1,1,2,1,1,1,1,1,1,2,1,1,2,2,2,2,1,2,1,2,2,1,2,1,1,1,2,2,1
15,2,2,2,1,2,2,1,1,2,1,2,1,2,1,2,1,1,1,1,1,2,1,1,1,2,2,1,1,1,1,1,1,1,2,1,2,2,2,1,1
16,1,2,2,1,2,2,1,1,2,2,2,2,0,1,1,1,2,1,1,1,2,2,1,2,2,1,2,2,1,2,1,2,1,1,1,2,1,2,2,1
16,1,2,1,1,1,2,2,1,1,2,1,1,2,2,1,2,2,2,2,1,2,1,1,2,2,1,2,2,1,1,1,2,1,2,1,2,2,2,2,1
16,1,2,2,2,2,1,1,1,1,1,2,1,2,2,1,1,1,1,1,1,1,1,1,2,1,2,2,1,1,2,2,2,1,1,1,2,1,1,2,1
16,1,1,1,1,2,2,1,1,1,2,1,1,2,1,1,2,1,2,1,1,2,1,1,1,2,1,1,1,2,2,1,2,1,2,1,1,2,2,2,1
16,2,2,2,1,2,1,2,1,2,2,2,1,2,2,1,2,1,1,1,1,2,1,1,1,2,2,1,1,2,1,2,2,1,2,1,2,1,2,1,2
16,1,2,2,1,2,1,1,1,1,2,1,2,1,2,1,1,1,2,1,1,2,1,2,2,2,1,1,1,2,2,2,2,1,2,2,1,2,2,1,1
16,1,2,2,2,2,2,1,1,1,2,1,1,1,2,1,1,1,1,1,1,2,2,1,1,2,2,2,1,2,1,2,2,1,2,2,2,2,2,2,1
16,1,2,2,1,2,1,1,1,2,2,2,2,2,2,1,1,1,1,1,1,1,2,2,2,2,1,2,1,2,1,2,2,2,2,2,2,1,2,1,2
16,2,2,2,1,1,1,1,1,2,2,2,1,2,1,1,2,2,2,1,1,2,1,1,1,2,2,2,1,2,0,1,1,1,1,1,2,1,2,1,2
16,1,2,2,1,1,2,1,1,2,2,1,1,2,2,1,1,2,1,1,1,2,2,1,2,1,1,2,2,2,2,1,1,1,1,1,1,2,2,2,2
16,1,2,2,1,1,2,2,1,2,2,1,1,2,2,1,1,1,2,1,1,2,1,1,2,2,2,2,1,2,1,1,1,1,2,1,2,1,2,1,2
16,1,1,1,2,2,2,1,2,1,1,1,2,2,2,2,1,1,1,1,2,2,2,1,2,2,2,2,1,1,2,2,1,2,1,2,2,2,2,1,2
16,1,1,2,2,2,1,1,1,2,1,2,1,2,2,1,2,1,1,1,2,2,1,1,2,2,2,1,1,2,2,2,2,2,1,2,2,2,2,1,2
16,2,2,2,1,2,2,2,1,2,2,2,2,2,2,1,1,2,1,1,1,2,2,1,2,2,2,2,1,2,1,2,2,1,1,1,2,1,2,1,2
16,1,2,2,2,1,2,1,1,1,2,1,1,2,2,1,1,1,1,1,2,1,2,1,1,2,2,2,1,2,2,1,2,2,2,2,2,1,2,2,1
16,2,2,2,2,1,2,2,1,2,1,2,2,1,2,1,1,1,2,1,1,2,2,1,2,2,2,2,1,1,1,1,2,2,2,2,2,1,2,1,1
16,2,2,2,1,2,1,1,1,2,2,2,2,1,1,1,1,2,2,1,1,2,1,1,2,1,1,1,1,2,2,2,1,1,1,1,2,2,2,1,2
17,2,1,2,1,2,1,1,1,2,1,2,2,1,1,1,2,1,2,1,1,2,2,1,1,1,1,2,2,1,2,1,1,2,2,2,2,2,2,1,2
17,1,2,2,1,2,1,1,1,1,2,1,1,1,2,1,2,2,1,1,1,2,2,1,2,1,1,1,1,2,2,1,2,1,2,2,2,2,2,1,1
17,1,1,2,1,2,1,1,1,1,2,1,1,2,1,1,2,1,2,2,2,2,1,1,2,1,2,2,1,2,2,1,1,1,2,1,2,2,2,1,1
17,1,2,2,1,1,1,2,1,1,2,1,1,2,2,1,1,1,1,2,2,2,1,1,2,2,2,1,2,1,1,1,1,0,2,2,2,2,2,2,1
17,1,2,2,2,2,2,2,2,1,2,1,1,2,2,2,2,2,1,1,1,1,1,1,1,2,2,2,2,1,1,1,1,2,1,1,2,2,2,2,1
17,1,2,2,1,1,1,2,1,2,1,2,2,2,2,1,1,1,2,2,1,2,1,1,1,2,2,2,2,1,2,1,2,1,1,1,2,2,2,2,2
17,1,2,1,2,2,2,1,1,1,1,2,1,2,1,1,1,1,1,2,1,2,1,1,1,1,2,1,1,1,2,2,2,1,2,1,2,2,2,2,2
17,1,2,1,1,1,1,1,2,2,2,1,2,2,2,2,1,1,1,1,1,1,1,2,2,2,2,2,1,2,1,1,1,2,1,2,2,1,2,2,2
17,1,2,2,1,1,1,2,2,1,2,1,2,2,2,1,2,2,1,1,1,2,2,1,2,2,2,1,2,1,1,2,2,1,2,1,1,1,1,2,1
17,1,1,2,1,2,2,1,1,2,2,1,2,1,2,1,1,1,1,1,2,2,2,1,2,2,2,2,1,2,2,1,1,1,1,2,2,1,2,2,1
17,2,2,2,1,2,2,1,1,2,1,2,2,1,1,1,1,1,2,1,1,2,2,1,1,1,2,2,2,2,2,2,1,1,1,1,2,1,2,1,2
17,1,2,2,2,2,1,1,2,1,2,1,2,2,2,1,1,2,1,1,1,2,2,1,2,2,2,1,2,1,2,0,2,1,1,1,2,2,2,1,1
17,2,2,2,1,1,2,1,1,2,1,2,1,1,1,1,1,1,2,1,1,2,2,1,1,1,2,1,1,2,2,1,1,1,2,1,2,1,2,1,2
17,1,2,2,1,1,2,2,2,2,2,1,1,2,1,1,1,2,1,1,2,2,1,2,2,1,1,2,1,2,1,1,1,1,1,1,2,2,2,2,2
17,1,2,2,1,1,1,2,1,2,1,1,1,2,1,1,1,1,1,1,1,2,2,2,2,2,1,2,1,1,1,1,1,1,2,1,1,2,2,1,1
17,1,2,2,2,1,1,1,2,1,1,2,1,1,2,2,1,1,1,2,2,2,1,1,2,1,2,2,2,1,2,2,2,1,2,2,2,2,1,2,1
17,1,2,2,1,1,2,2,1,1,2,1,1,1,1,1,1,1,1,1,1,1,2,1,2,2,2,2,2,1,2,1,2,1,2,1,2,2,2,2,1
18,2,2,2,2,1,2,1,2,2,2,1,1,2,1,1,1,2,1,1,1,1,1,1,2,2,2,1,2,2,2,1,2,1,1,1,2,2,2,1,2
18,1,2,2,1,2,1,1,1,2,2,2,1,1,2,1,1,1,1,1,1,1,1,1,1,2,2,1,1,2,2,2,2,1,1,1,2,2,2,1,2
18,1,1,1,1,1,1,2,1,2,2,1,1,1,2,1,1,2,2,1,2,2,1,1,2,2,2,2,1,2,2,2,1,2,2,2,2,2,2,1,1
18,1,2,2,2,2,1,1,1,2,1,2,1,2,2,1,1,1,2,1,2,2,2,1,2,2,2,1,1,2,1,2,2,1,2,1,2,1,2,2,2
18,1,2,2,1,2,2,2,1,2,2,1,2,2,2,1,2,1,2,2,2,2,1,1,1,2,2,2,2,1,1,1,1,2,1,1,2,2,2,2,2
18,1,1,2,1,1,2,2,2,2,2,1,1,2,1,1,1,2,1,1,1,2,2,1,2,2,2,2,1,1,1,1,1,1,2,1,2,2,1,2,2
18,1,2,2,2,1,1,2,1,2,1,1,2,1,1,2,2,2,1,1,1,2,1,1,1,2,2,2,2,2,1,2,1,2,2,2,2,1,1,2,1
18,2,2,2,2,2,2,1,1,2,2,2,1,1,2,1,1,2,1,1,1,1,2,1,2,2,1,2,1,2,2,1,2,1,1,2,2,2,2,1,2
18,1,2,2,1,1,1,2,2,1,2,1,1,0,2,1,1,1,2,1,2,2,1,2,1,2,2,2,2,2,1,1,2,0,2,1,2,1,2,1,1
18,1,2,2,1,2,1,1,2,2,2,2,1,1,2,1,1,2,1,1,2,2,1,1,1,2,2,2,1,2,2,2,2,1,2,2,1,2,2,1,2
18,1,2,2,2,1,2,2,2,1,2,1,1,1,1,1,1,1,1,1,0,2,2,2,0,0,0,0,0,1,1,0,2,1,2,1,2,1,1,1,1
18,2,2,2,1,2,2,2,1,2,2,2,1,2,1,1,2,1,2,1,1,1,2,1,2,1,1,1,1,2,2,1,1,1,2,1,2,1,1,1,2
18,1,2,2,2,2,2,1,1,2,2,1,1,2,2,2,1,1,1,2,1,1,2,1,2,2,2,1,1,2,2,2,1,1,1,2,2,2,2,2,1
18,1,2,2,1,1,1,1,1,1,2,1,1,2,1,1,1,2,1,1,1,2,2,1,2,2,2,2,2,1,2,2,2,1,2,1,1,2,1,1,1
18,2,2,2,1,2,2,0,1,2,2,1,2,2,1,1,2,1,1,2,1,2,1,1,2,1,2,2,1,1,1,1,1,1,1,1,1,1,2,1,2
18,1,1,1,1,2,2,1,1,2,2,1,2,2,2,1,2,2,1,2,2,2,1,2,2,0,0,1,2,2,2,1,2,2,2,2,2,2,2,2,2
18,1,2,2,1,1,2,2,2,2,2,1,2,2,2,1,1,1,1,1,1,1,2,2,2,2,2,1,1,1,1,1,1,2,1,2,2,2,2,1,2
19,1,2,2,1,2,1,1,1,2,2,1,1,1,2,1,1,1,1,1,1,1,1,1,1,2,1,1,1,2,1,1,2,1,2,1,1,2,2,2,2
19,1,1,1,1,1,2,2,1,1,2,1,2,2,2,2,1,2,1,2,1,1,1,2,2,2,1,2,1,1,2,1,1,2,1,2,1,2,2,2,2
19,1,2,2,1,2,1,1,2,2,2,1,1,1,2,1,1,1,1,1,2,2,1,1,1,1,2,1,2,2,2,1,1,1,2,2,1,2,2,2,1
19,1,2,2,1,2,1,2,1,2,2,1,2,2,2,1,2,1,1,2,1,1,2,2,2,2,2,2,2,2,2,2,1,1,2,2,1,2,1,2,2
19,1,2,2,1,2,2,1,1,2,1,1,2,2,2,2,1,1,2,1,2,1,2,1,1,1,2,1,1,2,2,1,2,2,2,1,2,2,2,1,2
19,1,2,2,1,2,1,2,1,1,2,1,1,2,1,1,2,1,2,2,1,2,1,1,1,2,2,1,1,1,1,1,1,1,2,1,2,1,2,2,1
19,2,1,1,2,1,2,2,1,1,1,1,2,2,1,2,2,2,1,2,2,2,1,1,2,2,2,1,1,1,1,1,1,2,2,1,2,1,1,2,2
19,1,2,1,1,2,2,2,2,2,2,1,1,2,2,1,1,2,2,2,1,2,1,1,2,1,2,2,1,1,1,2,1,1,0,1,2,1,2,2,2
19,1,2,2,2,2,1,1,1,2,2,2,1,2,2,1,1,1,1,1,1,1,1,1,2,2,2,2,1,2,1,1,2,1,1,1,1,2,2,1,2
19,2,2,1,1,1,1,0,1,2,2,2,2,2,1,1,2,1,1,2,2,1,1,1,2,1,2,1,1,1,2,2,2,1,1,1,2,1,2,1,2
19,2,2,1,1,1,1,1,1,2,1,2,2,2,1,1,2,1,2,2,2,1,1,1,1,1,2,2,1,1,2,2,2,1,1,1,2,1,2,1,2
19,2,2,1,1,1,2,1,1,1,2,2,2,2,2,2,1,1,2,2,1,2,2,2,2,2,2,2,2,1,2,1,1,1,1,2,2,1,2,1,2
19,1,2,1,1,1,1,1,1,2,2,1,2,2,2,1,1,1,1,1,1,2,1,2,2,2,2,2,2,1,1,1,2,1,1,1,2,2,1,2,2
19,1,2,2,1,1,1,1,1,1,1,2,1,1,1,1,1,1,2,1,1,2,2,2,2,1,2,1,2,2,2,1,1,2,2,2,1,1,1,2,1
19,1,1,2,1,2,2,1,1,2,2,1,1,2,2,1,1,1,2,1,1,2,1,1,1,1,2,1,1,1,2,2,2,1,2,1,2,2,2,1,2
19,1,2,2,1,2,1,1,1,2,1,1,1,1,2,2,2,1,1,2,1,2,1,1,1,1,1,1,1,1,2,1,1,2,1,2,2,2,2,1,2
19,1,2,2,2,2,2,1,2,2,2,1,1,2,2,2,1,1,1,2,1,1,2,1,2,2,2,2,1,2,1,2,2,1,1,2,2,2,2,2,2
20,1,2,2,1,1,2,2,1,1,1,1,1,1,2,2,1,1,2,2,1,1,2,1,2,1,2,2,2,1,1,1,1,2,1,1,2,1,2,2,1
20,1,2,2,0,1,2,1,1,2,2,1,2,1,2,2,1,2,1,2,1,2,2,1,1,2,2,2,2,1,1,1,1,1,1,1,2,2,2,2,2
20,1,2,1,1,2,1,2,1,2,1,2,1,1,1,1,2,2,1,2,1,2,1,1,1,1,1,2,1,2,1,2,2,1,2,2,2,2,2,1,2
20,1,2,1,1,2,1,1,1,1,2,2,2,2,2,2,1,1,1,1,2,1,2,1,2,2,2,1,1,1,1,1,1,1,2,2,2,1,2,1,1
20,1,1,2,1,2,2,2,1,1,2,1,1,1,1,1,1,1,2,2,1,2,1,1,2,2,2,1,1,2,1,1,2,1,2,1,2,1,2,2,1
20,2,1,2,2,1,1,2,1,2,2,1,2,1,2,1,1,1,1,2,2,2,2,1,2,2,2,2,1,1,1,1,1,2,1,1,2,2,2,1,2
20,1,2,2,1,2,1,2,1,2,2,1,2,1,2,1,1,2,1,1,2,1,1,1,2,2,2,2,1,1,1,2,2,1,2,2,1,2,2,2,1
20,2,1,1,1,2,2,1,2,1,2,1,1,1,1,1,1,2,1,1,2,1,2,1,2,2,1,1,1,1,2,1,2,1,1,1,1,2,2,2,1
20,1,1,2,2,2,2,1,1,2,2,1,1,2,1,1,2,2,1,1,1,1,1,1,2,2,2,2,2,1,2,2,1,1,1,2,2,2,1,2,2
20,1,2,2,1,2,1,2,1,2,2,1,1,1,2,1,2,1,2,2,1,1,1,1,2,2,1,2,1,1,1,2,2,1,1,1,2,1,2,2,2
20,2,2,2,1,2,1,1,1,1,1,2,2,2,2,1,1,1,2,2,2,1,2,1,2,2,1,2,2,1,2,2,2,1,1,2,1,1,1,1,2
20,1,2,2,2,1,2,1,1,2,2,1,2,2,2,2,1,2,1,1,1,2,2,1,2,2,2,2,2,1,1,1,2,1,1,1,1,1,2,2,1
20,1,1,2,2,2,1,1,1,2,2,1,1,1,1,1,2,1,1,1,1,1,1,1,2,2,2,2,1,2,1,1,2,1,2,2,2,2,2,2,2
20,1,2,2,2,2,2,1,2,2,2,1,1,2,1,1,2,2,1,1,1,2,1,1,2,2,2,1,1,1,2,2,2,1,1,2,1,1,2,1,2
20,1,2,2,1,2,2,2,1,2,1,1,2,2,2,2,1,1,1,2,1,1,1,1,2,2,2,2,1,1,1,1,1,1,1,2,2,1,2,1,2
20,1,1,2,2,1,2,2,1,2,1,1,2,2,2,2,2,1,1,2,2,2,1,1,2,2,2,2,2,1,1,1,1,1,1,1,2,2,1,1,2
20,1,2,2,2,2,2,2,1,2,2,1,2,2,2,2,1,1,2,2,1,2,2,1,2,2,2,2,1,2,1,1,1,1,1,1,1,2,2,1,1
21,1,1,1,1,1,1,2,1,2,1,1,1,2,1,1,2,1,2,2,2,2,1,1,2,1,1,2,1,1,2,1,2,2,1,1,2,1,2,1,2
21,1,2,2,1,2,1,1,1,1,2,1,1,1,1,1,1,2,1,1,2,2,1,1,1,2,2,1,1,2,1,1,2,1,2,2,1,2,2,2,1
21,1,2,1,1,1,2,2,1,2,2,1,2,2,2,2,1,1,1,2,2,2,1,2,2,2,1,2,2,1,1,1,1,2,1,2,1,2,1,2,2
21,2,1,2,2,1,1,1,1,2,1,1,2,1,2,1,2,1,2,1,2,2,2,1,1,1,2,2,1,2,1,1,2,1,1,2,2,2,2,1,2
21,1,1,1,1,1,2,2,1,1,2,2,2,2,2,2,1,1,2,2,2,2,1,2,1,2,1,2,2,1,1,1,1,2,1,2,2,1,2,2,2
21,1,2,1,1,2,1,2,1,1,2,1,1,2,2,1,1,1,1,2,1,1,2,1,1,2,1,2,1,2,1,1,2,1,0,0,1,2,2,1,2
21,1,1,2,2,2,2,1,1,2,2,1,1,2,2,1,1,1,2,1,1,2,2,1,1,2,2,2,1,1,1,2,1,1,1,1,2,1,2,1,2
21,1,2,1,1,2,1,1,2,1,2,1,1,2,1,1,1,2,1,1,1,1,2,1,2,2,1,1,1,1,2,1,2,1,1,2,1,2,2,1,1
21,1,2,1,1,2,2,1,2,1,2,1,1,1,1,1,1,2,1,1,1,1,2,2,2,2,1,1,1,1,2,1,2,1,2,2,1,2,2,1,1
21,1,2,2,1,2,2,2,1,2,2,1,1,2,1,1,2,1,2,2,1,2,2,1,2,1,2,1,1,1,1,2,2,1,2,1,1,2,2,2,2
21,1,1,1,1,2,2,2,1,1,2,2,2,1,2,1,1,2,2,1,2,1,1,1,1,2,2,1,1,1,1,1,1,1,1,1,2,2,2,2,1
21,2,2,1,1,2,1,1,2,2,2,2,1,2,2,1,2,2,1,2,2,1,2,1,1,1,2,1,2,1,2,1,1,1,2,1,2,2,2,1,2
21,1,1,2,1,2,1,2,1,2,2,1,1,1,2,1,2,2,2,1,2,2,1,1,2,2,2,1,1,2,1,2,2,1,2,1,2,2,2,1,2
21,1,1,1,2,1,1,2,1,2,2,2,2,1,2,2,2,1,2,1,2,2,2,2,2,2,2,2,2,2,1,2,1,2,2,2,2,1,2,1,1
21,1,2,2,1,2,1,1,1,2,2,1,1,2,2,1,1,1,2,1,2,1,2,1,2,2,1,1,1,2,1,2,2,1,2,2,1,1,2,1,1
21,1,1,2,1,1,2,1,1,2,2,2,1,1,2,1,2,2,2,1,2,2,2,1,1,1,2,2,2,2,2,1,2,1,1,1,2,2,2,1,2
21,1,1,2,2,2,1,2,1,2,2,2,2,1,2,1,2,1,2,1,2,2,2,1,2,2,2,1,1,2,1,1,1,1,1,2,2,2,2,2,2
22,1,2,1,1,1,1,2,2,1,2,1,1,2,2,2,1,1,1,2,2,2,2,1,1,2,1,1,2,1,1,1,2,2,2,1,2,1,1,1,1
22,2,1,2,1,2,1,1,1,2,2,2,1,1,1,1,2,2,2,1,2,2,1,1,1,1,2,1,2,1,2,1,1,1,2,1,2,2,1,2,2
22,2,1,2,2,2,1,2,1,2,2,1,1,2,2,1,2,1,2,1,2,1,1,1,2,2,2,1,1,2,1,1,1,1,1,2,2,1,2,2,2
22,1,2,2,1,2,1,1,1,1,2,2,1,1,1,1,1,1,1,1,1,1,2,2,2,1,1,1,2,2,1,2,1,1,1,2,1,1,2,1,1
22,2,2,1,1,1,1,2,1,2,1,2,1,1,1,1,2,1,2,1,2,2,1,2,1,1,2,1,2,2,1,2,2,1,2,2,2,1,1,2,1
22,1,2,2,1,2,1,1,1,2,2,1,1,1,2,1,2,2,2,1,1,1,1,1,2,2,1,1,1,2,2,1,2,1,1,2,1,1,2,1,2
22,2,1,2,2,1,2,2,1,2,1,2,1,1,2,2,2,2,2,1,2,2,1,1,1,1,2,1,2,1,1,2,2,1,2,1,2,0,1,2,2
22,2,2,2,1,2,2,2,1,2,2,1,1,2,1,2,1,1,2,1,2,2,2,1,2,1,1,2,2,1,1,1,1,2,1,2,2,2,1,2,2
22,1,2,2,2,2,2,2,2,2,2,1,1,1,1,1,1,2,1,1,1,2,2,2,1,2,2,2,1,2,2,1,2,1,2,2,2,2,2,1,2
22,1,2,2,2,2,1,2,2,2,1,1,1,1,1,1,2,1,2,1,2,2,1,2,1,1,2,1,1,2,1,1,1,2,2,2,2,1,2,2,2
22,1,2,2,1,2,1,1,1,2,2,2,2,1,2,1,1,1,1,2,2,1,2,1,2,2,1,2,1,1,1,1,2,1,1,2,1,2,2,1,2
22,1,2,2,2,1,2,1,1,2,2,1,1,2,2,1,2,1,2,2,2,2,1,1,1,1,2,1,1,1,2,1,1,1,1,1,1,1,2,1,2
22,2,2,2,2,2,1,2,2,1,1,1,1,1,1,2,2,2,1,2,1,2,2,1,1,1,2,1,1,1,1,1,1,2,1,2,2,2,2,1,1
22,1,1,2,1,2,1,1,1,2,2,1,1,1,2,1,1,1,1,1,2,2,2,1,2,2,2,1,1,1,1,2,2,1,2,2,2,2,2,1,2
22,1,1,2,1,1,1,1,1,2,2,1,1,1,1,1,1,1,2,2,1,1,2,1,1,2,1,2,1,1,2,2,2,2,1,2,2,2,2,1,2
22,1,2,2,1,2,1,2,1,2,1,2,2,2,1,2,2,1,2,2,1,2,2,1,2,1,2,1,2,1,1,1,1,2,1,1,2,1,2,1,2
22,1,1,1,2,1,1,2,1,2,2,1,2,1,2,1,1,1,2,1,2,2,2,1,2,2,2,2,1,2,1,2,1,1,1,2,2,1,2,0,2
23,1,2,1,1,1,1,1,1,1,2,1,1,1,1,1,1,2,1,2,1,2,2,1,1,2,2,1,1,1,1,1,1,1,1,1,2,1,1,2,1
23,1,2,2,2,2,2,2,1,2,2,1,1,2,2,1,1,2,1,1,1,1,2,2,2,2,2,2,2,2,1,2,2,1,1,2,1,2,2,2,2
23,1,1,1,2,2,1,1,1,2,2,1,1,1,1,1,2,1,2,1,1,1,2,1,1,1,2,2,1,2,2,1,2,1,2,1,2,2,2,1,1
23,1,1,2,2,1,1,2,1,2,2,2,1,1,2,1,1,1,2,1,2,1,1,1,1,1,1,2,1,1,2,1,2,1,2,1,2,2,1,1,2
23,1,1,2,1,2,1,2,2,2,2,2,1,1,2,1,2,1,1,1,2,2,2,2,1,2,1,2,2,1,1,1,2,1,1,2,2,2,2,1,2
23,1,2,2,2,2,2,1,1,1,2,1,1,2,2,1,1,1,2,1,1,1,2,1,2,1,2,1,1,1,1,1,2,1,2,2,2,1,2,1,2
23,1,1,2,1,2,1,1,1,2,2,2,1,1,1,2,1,1,2,1,2,2,1,1,2,1,1,1,2,1,2,2,1,1,2,1,2,1,1,1,2
23,2,2,2,1,2,1,1,1,2,2,1,1,2,1,1,1,2,2,1,1,1,1,1,1,1,1,1,1,2,2,1,1,1,1,2,1,2,1,1,2
23,1,1,1,1,2,2,2,1,2,2,1,1,2,1,1,2,2,2,1,1,2,2,1,1,1,2,1,1,2,1,2,1,1,1,1,2,2,2,1,2
23,1,1,1,1,2,1,2,1,2,1,2,1,2,1,2,1,1,2,2,2,2,1,1,1,1,1,1,2,1,2,1,1,1,2,1,2,2,1,2,1
23,2,2,2,2,1,1,2,2,2,2,2,1,1,1,1,2,1,1,1,1,2,1,2,1,1,2,2,1,1,1,1,2,1,1,1,1,1,1,1,2
23,2,2,2,1,2,1,2,1,2,2,1,1,1,1,1,2,1,2,1,2,2,2,1,2,2,2,1,1,2,1,1,2,1,1,1,2,1,2,1,2
23,1,2,2,1,2,1,2,1,2,2,2,1,2,2,1,1,2,2,2,2,2,2,1,1,2,2,2,1,1,1,2,1,1,1,2,1,2,1,2,1
23,1,2,2,1,1,1,1,1,2,2,1,1,2,1,1,1,1,1,2,1,1,1,2,1,1,2,1,1,1,2,1,2,2,2,2,1,2,2,1,2
23,1,1,1,2,2,1,1,2,1,1,2,1,1,1,1,1,2,1,1,1,1,2,2,1,2,1,1,1,1,2,1,2,1,2,2,1,2,2,1,1
23,2,2,2,1,2,2,2,1,2,1,1,1,2,1,2,2,2,2,2,2,1,1,1,2,1,1,2,2,1,1,1,1,1,2,2,2,2,1,1,2
23,1,2,2,1,2,1,2,1,2,2,1,2,1,2,1,2,2,1,2,1,1,2,2,1,1,1,1,1,1,2,2,1,2,1,2,1,2,2,1,2
24,1,2,2,1,2,2,1,1,2,2,2,1,1,2,2,1,1,1,2,1,1,2,2,2,2,2,1,2,1,2,1,2,2,2,2,2,1,1,1,2
24,1,1,1,2,1,1,2,1,2,1,2,2,1,2,2,1,2,1,2,1,2,1,2,1,2,2,2,2,1,1,1,2,2,2,2,2,1,1,2,1
24,1,2,2,1,1,1,2,1,2,2,2,1,2,1,1,1,1,2,2,1,2,2,1,2,1,1,1,2,1,2,1,1,1,1,2,1,2,1,1,2
24,1,2,1,2,2,1,2,1,2,2,1,1,1,2,1,2,1,2,1,2,2,2,1,2,2,2,1,2,2,1,2,2,1,2,1,2,1,1,2,2
24,2,2,2,1,2,1,1,1,2,1,2,1,2,1,1,1,2,2,1,1,1,2,2,1,1,1,2,2,1,2,1,2,2,1,2,2,1,1,1,2
24,2,2,2,1,2,1,2,1,2,1,1,1,1,1,1,1,1,2,1,1,2,1,2,1,1,2,1,1,1,1,1,2,1,1,1,2,2,1,2,2
24,1,2,2,1,2,1,1,1,2,2,1,1,1,2,2,1,2,2,2,1,2,2,1,1,1,1,1,1,1,2,2,1,1,2,2,2,2,1,1,2
24,1,2,2,1,2,1,1,1,2,2,1,1,1,2,2,1,1,1,2,1,1,2,2,2,2,2,1,1,1,2,1,2,1,2,2,2,2,2,1,2
24,1,1,1,2,1,2,2,2,2,1,2,2,1,1,2,1,1,2,1,2,2,1,2,1,1,2,2,2,1,1,2,1,2,2,2,2,1,1,1,2
24,1,2,2,2,2,1,1,1,1,2,2,1,2,1,1,1,2,2,2,2,1,2,1,2,2,2,1,1,2,2,2,2,1,1,2,1,1,2,2,2
24,1,2,2,1,2,1,1,1,2,2,1,1,1,2,2,1,2,1,2,1,1,1,1,1,1,2,1,1,1,2,2,2,1,2,2,2,2,2,1,2
24,2,1,1,1,1,1,1,2,2,1,1,1,1,1,2,1,1,2,1,1,1,2,1,1,1,1,1,2,1,2,1,1,1,1,1,2,2,1,1,2
24,2,1,2,1,2,1,1,2,2,2,1,1,1,1,1,1,2,2,1,1,1,1,2,1,2,2,1,1,2,2,1,2,1,2,2,1,2,2,1,2
24,1,2,1,2,2,2,1,2,2,2,2,1,1,2,2,1,1,1,2,2,1,1,1,2,2,2,1,1,1,1,1,1,2,1,2,1,2,1,1,2
24,1,2,2,1,2,1,1,1,2,2,1,1,1,2,1,2,1,2,1,2,2,2,2,1,2,2,2,1,2,1,1,2,1,1,2,2,1,2,1,2
24,1,2,2,1,2,1,2,1,2,2,1,1,1,2,1,1,2,1,1,1,2,2,2,2,2,1,1,1,2,1,1,2,1,1,2,1,2,2,1,2
24,1,1,2,2,2,2,2,1,1,2,1,1,1,2,2,2,2,1,2,2,2,2,1,1,2,2,1,1,1,1,2,1,1,1,1,1,2,2,2,2
25,1,1,2,2,1,2,2,1,2,2,2,2,1,2,2,1,2,2,2,2,1,1,1,1,2,2,1,2,1,2,2,2,1,1,2,2,2,2,2,2
25,1,2,2,1,2,1,2,1,2,2,1,1,1,2,1,1,2,1,0,0,2,2,1,1,1,2,1,1,2,1,1,2,1,1,2,1,2,2,1,1
25,1,2,1,2,2,2,2,1,1,2,1,1,2,2,2,2,2,2,2,2,2,1,2,2,2,2,1,2,1,1,1,1,1,1,1,1,1,2,2,1
25,2,1,2,2,2,1,2,1,2,2,1,1,1,2,1,2,2,1,1,2,1,1,1,1,2,2,1,1,2,1,1,2,1,1,2,2,2,2,1,2
25,1,2,2,2,1,1,2,1,2,2,1,1,1,2,2,1,1,1,2,2,1,2,1,2,2,2,1,1,1,1,2,2,1,2,2,1,2,2,2,2
25,1,1,2,1,1,1,2,1,2,2,1,1,1,1,1,2,1,1,1,2,2,1,2,1,1,1,1,1,2,1,1,2,1,1,2,1,2,2,1,2
25,1,1,2,2,2,2,2,1,1,1,2,1,2,1,1,1,2,1,1,1,1,2,1,2,1,2,1,1,1,1,2,2,1,1,1,1,1,1,1,2
25,1,2,1,1,2,1,1,1,1,2,1,1,1,1,2,1,2,2,1,1,1,2,1,1,1,1,2,2,1,2,1,1,1,2,1,2,1,2,1,2
25,1,2,2,2,1,2,1,1,2,2,1,1,2,2,2,1,1,2,2,1,1,2,1,1,1,2,1,1,1,2,1,2,1,2,1,1,2,1,1,2
25,1,2,2,1,2,1,1,1,2,1,1,2,1,1,2,2,2,2,2,2,2,2,1,1,1,2,1,1,1,2,1,1,2,1,1,2,1,1,1,2
25,1,2,1,1,2,1,2,1,2,2,1,1,1,1,1,1,1,1,2,1,2,1,1,2,1,2,1,2,1,1,1,1,1,1,2,1,2,2,2,1
25,1,1,2,1,2,1,2,1,2,2,1,1,2,2,1,1,1,2,1,2,1,2,1,1,1,1,1,1,2,1,1,2,2,1,2,2,2,2,1,2
25,1,2,2,1,2,1,1,1,2,2,1,1,1,1,1,2,1,2,1,2,1,2,1,1,1,1,1,1,2,2,1,2,1,1,2,2,1,2,1,2
25,1,1,2,1,2,1,2,1,2,2,1,2,1,1,2,1,1,2,2,2,1,1,1,1,2,1,1,1,1,2,1,1,2,1,1,1,2,2,1,2
25,1,1,2,2,2,1,2,2,2,2,1,2,1,2,2,1,1,1,2,2,1,2,1,2,2,2,2,1,1,1,1,2,2,1,2,2,1,2,2,2
25,1,1,1,1,2,2,2,1,1,2,1,2,2,2,2,1,1,1,1,2,1,2,2,2,2,2,2,1,1,1,1,2,1,2,2,1,2,1,1,2
25,1,2,1,1,2,1,2,1,2,2,2,1,2,2,1,1,1,2,1,2,2,2,1,2,1,2,2,1,1,1,1,2,1,2,2,2,1,1,1,2
26,1,1,2,1,2,1,1,1,2,2,1,1,1,2,1,1,2,2,2,1,1,2,1,2,2,2,1,2,1,2,1,1,1,2,2,1,1,2,2,2
26,2,1,2,2,2,2,2,1,2,2,2,1,2,1,2,2,2,2,2,2,2,1,1,1,1,2,1,1,1,1,1,2,1,2,1,1,1,2,2,2
26,2,1,2,1,2,2,1,0,2,2,1,1,1,1,2,1,2,2,2,2,2,2,1,2,1,2,2,1,1,2,1,2,1,1,2,2,1,1,2,2
26,1,1,1,1,2,1,2,2,2,2,1,2,1,2,2,1,1,1,2,2,1,1,2,1,2,2,2,1,0,1,1,2,2,1,2,2,2,1,1,2
26,1,2,1,2,2,2,2,1,2,2,1,1,2,2,1,1,1,1,2,2,1,2,1,2,1,2,1,2,1,1,1,2,2,2,1,2,1,2,1,2
26,1,2,2,1,2,1,1,1,2,2,2,1,1,1,1,1,2,2,1,1,1,2,1,2,1,1,1,1,1,2,1,2,1,1,2,1,2,1,1,2
26,1,1,1,1,2,2,1,1,2,2,2,1,1,2,1,1,1,1,1,2,2,1,2,1,1,2,1,1,1,1,1,2,1,1,2,2,1,2,1,2
26,1,1,2,2,2,1,2,2,2,2,1,2,1,2,1,1,1,1,2,2,2,1,2,1,1,2,1,1,1,1,1,1,1,2,2,2,1,1,2,2
26,1,1,2,1,1,1,2,1,2,1,1,2,2,1,2,1,1,2,2,2,2,1,1,2,2,2,1,2,1,1,1,1,1,2,2,1,1,1,1,2
26,1,2,2,1,2,2,2,1,2,2,1,1,2,1,2,1,2,2,2,1,1,2,1,2,2,2,2,2,1,1,1,2,1,1,1,2,2,2,1,2
26,2,2,2,1,2,1,2,1,2,2,2,1,2,1,1,1,2,2,2,1,1,2,1,2,1,1,1,2,1,2,1,1,1,1,2,1,2,1,1,2
26,1,2,2,1,1,1,2,1,1,2,1,1,1,2,2,1,2,1,2,1,2,1,2,1,2,2,1,1,1,1,1,2,1,1,2,1,2,1,1,1
26,1,1,1,1,2,1,1,1,1,2,1,1,1,2,1,1,2,2,1,1,1,2,2,1,1,2,1,1,2,2,1,2,1,2,2,1,2,2,2,2
26,1,2,1,1,2,1,2,1,2,2,1,1,1,2,2,2,1,2,2,2,2,1,1,1,2,2,1,2,1,1,2,2,1,2,1,2,1,1,2,2
26,1,1,2,2,1,2,2,2,2,1,1,1,1,1,2,1,2,1,2,2,1,1,1,2,2,2,1,2,1,1,1,2,2,2,2,2,2,1,1,2
26,1,2,1,1,2,1,2,1,2,2,1,2,2,2,1,1,2,2,1,2,1,2,2,2,2,2,1,1,2,1,1,1,1,1,2,2,1,2,1,2
26,2,1,2,1,2,1,1,1,2,2,1,1,0,1,2,2,2,2,2,2,2,1,1,1,2,1,1,2,1,2,1,2,1,1,2,1,2,2,1,2
27,1,2,2,1,2,1,2,1,2,2,2,1,1,1,1,1,2,2,1,1,2,2,2,2,1,2,1,1,2,1,2,2,1,1,2,1,1,2,1,2
27,1,1,1,1,2,1,2,1,2,2,2,2,1,2,2,1,1,2,2,2,2,2,2,2,2,2,2,2,1,1,1,1,1,2,2,1,1,2,1,1
27,1,1,2,1,2,1,1,1,2,1,1,1,1,1,1,1,1,2,2,2,1,1,1,1,1,2,1,2,1,2,1,1,2,2,2,2,1,1,1,2
27,1,1,1,2,2,1,1,1,2,2,1,1,1,2,2,1,1,2,2,1,2,1,1,1,1,2,1,1,1,2,1,2,1,2,2,1,2,2,1,1
27,1,2,1,1,2,1,2,1,2,2,1,1,1,1,1,2,2,2,1,1,1,1,1,2,1,1,1,2,2,1,1,2,1,1,0,1,1,2,1,2
27,1,1,1,1,2,1,1,1,2,2,1,1,1,1,1,1,2,1,1,2,2,2,2,2,1,2,1,1,2,1,1,1,1,2,2,1,2,2,1,2
27,1,1,2,2,1,1,2,1,2,2,2,1,1,2,1,2,1,2,2,2,2,2,1,1,2,2,1,2,1,1,1,1,2,1,2,2,1,1,1,2
27,1,1,1,1,2,1,1,1,2,2,2,1,1,2,1,1,1,2,2,2,2,2,1,2,1,2,1,1,1,2,1,2,1,1,2,2,2,1,1,2
27,2,2,2,2,1,1,1,1,2,2,1,1,1,2,2,1,1,2,2,2,2,2,1,1,2,2,1,2,1,0,1,2,1,1,2,2,2,1,1,2
27,1,1,2,1,2,1,2,1,2,2,2,1,2,1,2,1,1,2,1,1,2,1,1,1,1,2,1,2,1,2,2,2,1,1,1,1,1,1,1,2
27,1,1,2,1,2,2,2,1,2,2,2,1,1,1,2,1,1,2,2,2,2,1,1,1,1,2,1,1,1,1,2,2,1,2,1,1,1,2,1,2
27,1,1,1,1,2,2,1,1,2,2,1,1,2,1,2,1,2,1,2,2,1,1,1,2,1,2,2,2,1,2,1,2,1,1,2,1,2,2,2,2
27,1,1,2,2,1,1,2,1,2,2,1,1,1,1,2,1,2,1,1,2,2,2,2,2,1,2,2,1,2,1,2,2,1,2,2,1,2,2,1,2
27,1,1,2,1,2,1,1,1,1,2,1,1,1,2,2,1,1,2,2,1,1,2,2,2,2,1,1,2,1,2,1,1,1,1,2,2,1,1,1,2
27,2,2,1,2,2,1,2,1,1,2,1,1,1,2,2,1,2,2,2,2,2,2,1,2,1,2,1,1,1,1,1,2,1,2,2,2,1,2,2,1
27,2,1,2,2,1,1,2,1,2,2,2,1,1,1,1,1,1,2,2,2,2,2,1,2,2,2,1,1,1,1,1,2,1,1,2,1,2,2,1,2
27,1,1,2,2,1,1,1,1,2,2,1,1,1,2,1,1,2,1,1,1,2,2,2,1,2,2,1,1,1,2,1,2,1,1,2,1,1,2,1,2
28,1,1,1,1,2,1,2,1,2,2,1,1,1,1,1,1,2,2,1,2,2,1,1,1,1,1,1,1,2,1,2,2,1,2,2,1,1,2,1,2
28,2,1,1,2,2,2,2,1,2,1,2,1,2,1,1,2,2,2,1,2,2,2,2,1,1,2,1,2,2,1,1,2,1,1,2,1,2,2,1,2
28,1,2,2,1,1,1,2,1,2,2,1,1,2,1,2,2,2,1,2,2,2,1,2,1,2,2,1,2,1,1,1,2,1,1,1,1,1,1,2,2
28,1,1,1,1,1,2,2,1,2,2,1,1,2,2,2,1,2,1,2,2,1,1,1,1,1,2,2,1,1,1,2,2,1,1,2,1,1,2,1,2
28,1,1,2,2,2,1,1,1,2,2,1,1,1,2,1,1,2,2,1,1,1,2,1,1,1,1,1,1,2,2,1,2,1,1,2,1,1,2,1,2
28,1,2,2,1,2,1,2,1,2,2,2,1,1,1,2,2,1,2,2,2,2,2,1,2,1,1,1,1,1,1,1,2,1,1,2,1,1,1,1,1
28,1,1,1,2,1,1,2,1,2,1,1,1,1,1,1,1,2,1,2,0,2,1,1,1,1,2,1,1,1,1,1,1,2,1,2,1,1,1,1,1
28,1,1,2,1,2,1,2,1,2,2,2,1,1,2,1,1,2,2,1,1,1,1,2,2,1,2,1,1,2,1,1,2,1,2,2,1,1,1,1,2
28,1,1,2,1,2,1,2,1,2,1,1,1,1,2,2,2,1,2,2,2,2,2,1,1,1,2,1,2,1,1,1,2,1,2,2,1,2,1,2,1
28,1,2,1,2,2,2,2,1,2,2,1,2,1,2,2,2,1,1,2,2,1,1,2,2,2,2,1,2,1,1,1,2,1,1,1,2,1,1,1,2
28,1,1,1,2,2,1,2,1,2,1,2,1,1,2,2,2,1,2,2,2,2,2,2,2,2,1,1,2,1,1,1,2,1,2,1,1,1,2,1,2
28,1,1,1,2,1,1,2,2,1,1,1,1,1,1,1,1,1,1,1,2,1,2,2,2,2,2,1,2,1,1,1,2,1,2,2,2,1,1,1,2
28,1,2,1,2,2,2,2,1,2,2,1,1,1,2,2,1,2,1,2,2,1,2,1,2,1,2,1,1,1,0,2,2,1,2,2,1,2,2,1,2
28,1,1,2,1,2,2,2,1,2,2,1,1,1,2,2,1,1,2,2,1,2,1,1,2,1,1,1,2,1,1,1,2,1,1,1,1,1,1,1,2
28,1,1,2,2,2,2,2,1,2,2,1,1,2,2,1,2,2,2,2,2,2,2,1,2,1,2,1,2,1,1,2,2,1,1,1,1,1,2,1,2
28,1,1,2,2,2,1,1,2,2,2,1,1,1,1,2,2,1,1,2,1,1,2,2,1,1,2,1,1,2,2,1,2,1,1,2,1,2,2,1,2
28,2,2,1,1,2,2,2,1,2,2,1,1,2,2,2,2,1,2,2,2,2,2,1,1,1,2,1,2,1,1,2,2,1,2,2,1,1,1,1,2
29,1,1,2,2,2,1,2,1,1,2,1,1,1,1,1,1,2,2,1,2,1,1,1,2,1,2,1,2,2,1,1,2,1,1,2,1,2,2,1,1
29,1,1,1,2,1,1,2,1,2,2,2,1,1,2,2,1,2,1,2,2,2,1,2,2,2,2,1,2,1,1,1,2,1,1,2,2,1,1,2,1
29,1,2,1,1,2,1,2,1,2,2,1,1,1,1,1,1,1,2,1,2,2,1,2,1,1,1,1,2,2,1,1,2,1,1,1,1,2,1,1,2
29,1,1,2,2,2,1,1,1,2,2,1,1,1,2,2,1,2,1,2,2,1,2,1,1,2,2,2,1,1,1,1,2,2,1,2,2,2,1,1,2
29,1,2,2,1,2,1,2,1,2,2,1,1,1,2,1,1,1,1,1,1,1,2,2,0,1,2,1,2,1,1,1,2,1,1,2,1,1,1,2,2
29,1,1,1,1,2,1,2,1,2,2,1,2,1,2,2,1,2,2,2,1,1,2,2,2,2,1,1,1,1,1,1,2,1,2,2,2,2,1,1,2
29,1,1,2,1,2,1,1,2,2,2,1,1,1,1,2,1,1,2,2,2,1,2,1,1,1,1,1,1,1,2,1,2,1,1,1,1,2,1,1,2
29,1,1,1,2,2,1,1,2,2,2,1,1,1,2,1,1,1,2,1,1,1,1,1,1,1,2,1,1,1,1,1,2,1,1,2,1,1,2,1,2
29,2,1,2,2,2,1,2,1,2,2,1,1,1,1,1,2,2,2,1,2,1,2,1,1,1,2,1,1,1,2,2,2,1,1,1,1,1,2,1,2
29,1,2,2,2,2,1,2,1,2,2,1,1,1,1,1,1,1,2,1,2,1,1,2,1,1,2,1,1,2,1,1,2,1,1,1,1,2,2,1,2
29,1,2,1,2,2,1,1,1,2,2,2,1,1,2,2,1,2,2,1,2,2,1,2,2,2,2,1,2,1,2,1,2,1,1,2,1,1,2,1,2
29,1,1,2,2,2,1,1,1,2,2,1,2,1,1,1,1,2,2,1,2,2,1,1,1,1,2,1,1,1,1,1,2,1,2,2,1,1,1,0,2
29,1,2,2,1,2,1,2,1,2,2,1,1,1,2,1,1,2,2,1,2,2,1,2,1,2,2,1,2,2,1,1,2,1,1,2,1,1,2,1,2
29,1,1,1,2,2,1,2,1,2,1,2,1,1,1,1,1,1,1,1,1,1,2,2,1,1,1,1,2,1,1,1,2,1,1,1,2,2,1,1,2
29,1,1,2,2,1,1,2,1,1,2,1,1,1,1,2,2,2,2,1,1,2,1,1,2,2,2,1,2,1,1,1,2,1,1,2,1,1,1,1,2
29,1,1,1,1,2,1,2,1,2,2,1,1,2,1,1,1,1,1,1,1,1,2,2,1,1,1,1,2,2,1,1,2,0,1,2,1,0,1,1,2
29,1,2,1,2,2,1,1,1,2,2,1,1,1,1,1,1,2,2,1,1,1,1,1,1,1,2,1,1,2,1,1,2,1,1,2,1,2,2,1,2
30,1,1,1,2,1,2,2,1,2,1,1,1,1,1,2,2,1,2,2,2,1,2,1,1,1,2,1,1,1,1,1,2,2,1,1,2,1,1,1,2
30,1,1,2,2,1,1,2,1,2,2,1,1,1,1,2,1,1,2,2,2,2,2,2,2,1,2,2,1,1,1,1,1,1,1,2,2,2,1,1,2
30,1,1,1,2,1,1,2,1,2,2,2,1,1,2,2,1,2,1,2,2,2,1,2,1,2,2,1,2,1,1,1,2,1,2,2,2,1,1,1,1
30,1,1,2,1,2,1,2,1,2,2,1,1,1,2,1,1,2,2,1,2,1,1,1,2,2,2,1,2,1,1,1,2,1,2,2,1,1,1,1,2
30,1,2,1,2,2,1,2,1,2,2,1,1,2,1,1,2,2,2,1,2,2,2,2,2,2,2,1,1,1,1,1,2,1,1,2,1,1,2,1,2
30,1,2,1,1,2,1,2,1,2,2,2,2,1,1,2,1,1,2,2,2,2,1,2,1,1,2,1,1,1,1,1,1,1,1,2,1,1,2,1,2
30,1,2,2,2,2,1,2,1,2,2,1,1,1,2,1,1,1,2,2,1,1,2,1,1,1,2,1,2,1,1,1,1,2,1,2,1,2,1,1,2
30,1,2,2,2,2,2,2,1,2,2,1,1,2,1,2,1,2,1,2,2,2,2,2,2,1,2,1,2,1,1,1,1,1,1,1,2,1,1,1,2
30,1,1,1,2,2,1,2,2,2,1,1,1,1,1,2,1,1,1,2,2,1,1,2,1,1,2,1,2,1,1,1,2,2,1,1,1,2,2,2,2
30,1,1,2,2,2,1,2,1,2,2,1,1,2,2,2,1,2,2,2,2,2,2,2,1,1,2,1,1,1,1,2,1,2,2,2,1,2,1,1,2
30,1,2,2,1,2,1,1,1,2,2,1,1,1,1,1,1,2,2,1,1,1,2,2,1,2,2,1,1,1,1,1,2,1,1,2,1,1,2,1,2
30,1,2,2,0,2,1,2,2,2,1,2,1,1,1,1,1,2,2,1,2,1,2,2,1,1,2,1,2,2,1,1,2,1,2,2,1,1,1,1,2
30,1,2,2,1,2,1,1,1,2,2,1,1,1,1,1,1,2,2,1,2,1,2,1,1,1,1,1,1,1,1,1,2,1,1,2,1,2,1,1,2
30,1,1,2,1,1,1,1,1,2,2,1,1,1,1,2,1,2,2,2,2,1,1,1,1,1,2,1,1,1,1,1,2,1,1,1,1,2,2,1,2
30,1,1,2,1,2,1,1,1,2,2,1,2,1,2,1,1,2,2,2,1,1,2,1,1,1,2,1,2,1,2,1,2,1,1,2,1,2,1,1,2
30,1,0,2,2,2,1,2,1,2,2,1,1,2,2,1,2,2,2,2,2,1,2,1,2,1,2,1,1,1,1,1,2,1,1,2,1,2,1,1,2
30,1,1,1,2,2,1,1,2,2,1,1,1,1,1,2,1,2,1,2,2,1,2,1,1,1,2,1,1,1,2,1,1,2,1,2,1,1,2,1,2
31,1,1,2,2,2,1,1,1,2,2,1,1,1,2,2,1,2,2,2,1,1,2,1,1,1,2,1,1,1,2,2,2,1,1,2,1,2,1,1,2
31,1,1,1,1,2,1,2,1,2,2,1,1,1,1,1,1,2,1,1,2,1,2,1,2,2,2,1,2,1,1,1,2,1,1,1,1,2,1,1,2
31,1,1,1,2,2,1,2,1,2,2,1,1,1,1,1,2,2,2,1,2,2,1,1,1,1,2,1,2,1,1,1,2,1,1,2,2,2,1,2,2
31,1,1,2,2,2,1,1,1,2,2,1,1,1,1,1,1,2,2,1,2,1,1,1,1,1,2,1,2,2,1,1,2,1,2,1,1,1,1,1,2
31,1,1,1,2,2,1,1,1,2,2,1,1,1,2,2,1,1,1,2,2,1,1,2,1,2,2,2,2,1,1,1,2,1,1,2,1,2,2,1,2
31,1,2,2,2,1,1,2,1,2,2,2,1,1,2,1,2,1,2,1,2,1,2,2,1,1,2,1,2,1,1,1,2,1,1,2,1,1,1,1,2
31,1,2,1,2,2,1,2,1,2,2,1,1,1,1,1,1,2,2,1,2,1,1,2,2,2,2,1,2,2,1,1,2,2,1,2,1,1,1,2,2
31,1,2,1,2,2,1,2,1,1,2,1,1,1,2,2,1,2,2,2,2,1,1,1,1,1,2,1,1,1,1,1,2,1,1,2,1,2,2,1,1
31,1,1,1,2,2,1,2,1,2,2,1,2,1,1,2,1,1,2,1,1,1,2,2,1,1,2,1,1,2,1,1,2,2,1,2,2,1,2,1,2
31,1,2,2,2,2,1,2,1,2,2,1,1,1,1,2,1,2,1,2,2,2,1,2,1,1,2,1,2,1,1,2,2,1,2,1,2,1,1,1,2
31,1,1,1,2,2,1,2,2,2,2,1,1,1,1,2,1,2,1,2,2,1,2,1,2,1,2,1,1,1,1,2,2,1,2,2,1,2,1,2,2
31,1,1,2,2,1,1,2,1,2,2,2,1,1,1,2,1,1,2,2,2,1,2,1,1,1,2,1,2,1,1,1,1,2,1,2,2,2,1,1,2
31,1,1,2,2,2,1,1,1,2,2,1,1,1,1,1,1,2,2,1,1,1,1,2,1,1,2,1,2,1,1,1,2,1,2,2,1,2,2,1,2
31,1,2,2,2,2,1,2,1,2,2,1,1,1,2,2,1,2,2,2,1,1,2,2,1,2,2,1,1,1,1,2,2,1,2,0,1,1,1,1,2
31,1,1,1,2,2,2,2,1,2,2,1,1,1,2,2,1,2,2,2,2,2,1,2,1,1,2,2,1,1,1,1,1,1,1,2,1,2,2,1,2
31,1,1,2,2,2,1,2,1,2,2,1,1,1,2,2,1,2,2,2,1,2,1,2,1,2,2,2,2,1,1,1,1,1,1,2,1,2,1,1,2
31,2,1,2,1,2,1,2,1,1,2,2,1,2,2,2,1,2,2,2,2,1,1,1,1,1,2,1,2,1,1,1,2,1,1,2,1,1,1,1,2
32,1,1,1,2,2,2,2,1,2,2,1,1,2,2,1,1,2,2,1,1,1,1,2,1,2,2,1,2,1,1,1,2,1,1,2,1,1,1,1,2
32,0,0,0,0,0,0,2,1,2,2,1,1,1,1,2,1,2,2,2,2,1,2,2,1,1,2,1,1,1,1,1,2,1,1,2,1,2,1,1,2
32,1,1,1,2,2,1,1,1,2,2,1,1,1,1,1,1,2,2,1,1,1,1,2,1,1,2,1,1,1,1,1,2,1,1,2,1,2,2,1,2
32,1,2,2,1,2,1,2,1,2,2,1,1,1,1,2,1,1,2,2,0,1,1,2,2,1,2,1,2,1,1,2,2,1,1,2,1,1,1,1,2
32,1,1,1,1,2,1,2,1,2,2,1,1,1,1,2,1,1,2,1,2,2,1,1,2,1,2,1,2,2,1,1,2,1,1,2,1,1,1,1,2
32,1,1,2,1,2,1,2,1,2,2,2,1,1,2,2,1,2,2,2,2,1,1,2,1,1,2,1,1,1,1,1,2,1,2,2,2,1,1,1,2
32,1,1,2,2,2,1,2,1,2,2,1,1,2,1,1,1,2,2,1,2,1,1,2,1,1,2,2,1,2,1,1,2,1,1,2,1,1,1,1,2
32,1,1,1,1,2,2,2,1,2,2,2,1,1,2,2,1,2,1,2,2,1,2,1,1,1,2,2,2,1,1,1,2,1,1,1,1,1,1,1,2
32,1,2,1,1,2,1,2,1,2,2,1,1,1,1,1,1,1,2,1,2,2,2,2,1,1,2,1,1,1,1,1,2,1,1,2,1,2,1,1,2
32,1,1,1,2,2,1,2,2,2,2,1,2,1,2,2,1,2,2,2,2,1,2,2,1,2,2,2,2,1,1,1,2,2,2,2,1,2,1,1,2
32,1,2,1,1,2,1,2,1,2,2,1,1,1,2,1,1,2,2,1,2,2,2,2,1,1,2,1,1,1,1,1,2,1,1,2,1,2,1,1,2
32,1,2,1,1,2,1,2,1,2,2,1,1,1,2,2,1,2,2,2,2,1,1,1,2,2,2,1,2,1,1,2,2,1,1,2,1,1,1,1,2
32,1,1,1,2,2,2,2,1,2,2,1,1,1,1,2,2,2,2,2,2,1,2,2,2,1,2,1,2,2,1,1,2,1,2,1,1,2,2,1,2
32,1,1,1,2,2,1,2,1,2,2,1,2,1,2,2,2,2,2,2,2,1,1,2,1,2,2,2,2,1,1,1,1,1,1,2,1,1,1,2,2
32,1,1,1,1,2,1,2,1,2,2,1,1,2,2,1,2,2,2,2,2,1,1,1,1,2,2,1,2,1,1,1,2,1,1,2,1,1,1,1,2
32,1,2,2,1,2,1,2,1,2,2,1,1,1,1,1,1,2,2,1,2,1,2,2,1,1,1,1,1,2,1,1,2,1,1,2,1,1,1,1,2
32,1,1,1,2,2,1,1,1,2,2,1,1,1,1,2,1,2,2,1,2,1,2,1,1,1,2,1,1,1,2,1,2,1,2,1,1,2,1,1,2
33,1,2,1,2,2,1,2,1,2,2,1,1,1,2,2,2,1,2,2,2,1,2,1,1,1,2,1,1,1,1,1,2,1,1,2,1,1,2,1,2
33,1,1,2,2,2,1,2,1,2,2,1,1,1,2,2,1,1,2,2,2,2,1,1,1,2,2,1,2,1,1,1,2,1,1,2,1,1,1,1,2
33,1,1,2,2,2,1,2,1,2,2,1,1,1,1,1,1,1,2,1,2,1,1,2,2,1,2,1,2,1,1,1,2,1,2,2,1,1,1,1,2
33,1,1,1,1,2,1,2,1,2,2,2,1,1,1,1,1,1,2,2,2,2,1,2,1,1,2,1,2,1,1,1,2,1,1,2,1,2,1,1,2
33,1,1,1,2,2,1,2,1,2,2,2,1,1,1,2,1,2,2,2,1,2,2,2,1,2,2,1,2,1,1,1,2,1,2,2,1,2,2,1,2
33,1,2,1,2,2,1,2,1,2,2,1,1,1,2,1,2,2,2,2,2,2,1,2,1,1,2,1,2,1,1,1,1,1,1,2,1,1,1,1,2
33,1,1,2,2,2,1,2,1,2,2,1,1,1,2,2,1,1,2,2,2,2,2,1,1,1,2,1,2,1,1,1,2,1,2,1,1,1,1,1,2
33,1,1,1,1,1,1,2,1,2,2,2,1,1,1,2,1,2,2,2,2,1,1,2,1,1,1,2,2,1,1,1,2,1,2,2,1,1,1,1,2
33,1,1,2,1,2,1,2,1,2,2,1,1,1,1,1,1,1,2,1,2,1,2,2,1,1,2,1,1,1,1,1,2,1,1,2,1,1,2,1,2
33,1,1,1,2,2,1,2,1,2,2,2,1,1,2,2,1,1,2,2,2,2,2,1,2,1,2,1,2,1,1,1,2,1,1,2,2,1,1,1,2
33,1,2,1,2,2,1,1,1,2,2,2,1,1,2,2,1,0,2,2,2,1,1,2,1,1,2,1,2,1,0,1,2,1,1,2,1,1,1,1,2
33,1,1,1,2,2,1,2,2,2,2,1,1,1,2,2,2,2,2,2,2,1,2,2,1,1,2,1,1,1,1,1,2,1,1,1,2,2,1,1,2
33,1,1,1,2,2,1,2,1,2,2,1,1,1,1,1,1,1,2,1,2,1,2,2,1,1,2,1,1,2,1,1,2,1,1,2,1,2,2,1,2
33,1,1,2,2,2,1,2,1,2,2,1,1,1,1,1,1,1,2,1,1,2,2,2,2,1,2,1,2,1,1,1,2,1,1,2,1,1,1,1,2
33,1,1,2,2,2,1,2,1,2,2,1,1,1,1,1,2,2,2,1,2,1,2,2,1,1,2,1,1,2,1,1,2,1,1,2,1,1,2,1,2
33,1,1,2,1,2,1,2,1,2,2,1,1,1,2,2,1,2,2,1,2,1,2,2,1,1,2,1,1,1,1,1,2,1,1,2,2,2,1,1,2
33,1,1,1,1,2,1,1,1,2,2,1,1,1,1,2,1,2,2,1,2,2,2,1,1,1,2,1,2,1,2,2,2,1,1,2,1,1,1,1,2
34,1,2,2,2,2,1,2,1,2,2,1,1,1,1,1,1,2,2,1,2,1,1,2,1,2,2,1,2,1,1,1,2,1,1,2,1,1,1,1,2
34,1,1,2,2,2,1,2,1,2,2,2,1,1,1,2,1,1,2,2,1,1,2,1,1,1,2,1,2,1,1,1,2,1,1,1,1,1,1,1,2
34,1,1,1,2,2,1,2,1,2,2,1,1,1,1,1,1,2,2,2,1,1,1,2,2,1,2,1,2,2,1,1,2,1,1,2,1,1,2,1,2
34,2,1,2,2,2,1,2,1,2,1,1,1,1,1,2,2,2,2,2,2,1,2,2,1,1,2,1,1,1,1,1,2,1,2,2,1,1,1,1,2
34,1,1,2,2,2,1,2,1,2,2,1,1,1,2,1,1,2,2,1,2,1,2,1,1,1,2,1,2,1,1,1,2,1,1,2,1,2,1,1,2
34,1,1,2,2,2,1,2,1,2,2,1,1,1,2,1,1,2,2,1,1,1,2,2,1,1,2,1,2,1,1,1,2,2,1,2,1,1,1,1,2
34,1,1,2,2,2,1,2,1,2,2,1,1,1,1,1,1,2,2,1,2,1,2,2,1,1,2,1,1,2,1,2,2,1,1,2,1,1,1,1,2
34,1,1,2,2,2,1,2,1,2,2,2,1,1,1,1,2,2,2,2,2,1,2,2,1,1,1,1,2,1,1,1,2,1,1,2,1,1,2,1,2
34,1,1,1,2,2,1,2,1,2,2,1,1,1,1,2,1,2,1,2,2,2,1,2,1,2,2,1,2,1,1,1,2,2,1,2,2,1,1,1,2
34,1,1,2,2,2,1,2,1,2,2,2,1,1,1,2,1,1,2,1,2,1,2,1,1,1,2,1,1,1,1,1,2,1,1,2,1,1,1,1,2
34,1,1,2,0,2,1,2,1,2,2,2,1,1,1,2,1,2,1,2,2,2,2,2,1,1,2,1,2,1,1,1,2,1,1,2,1,2,1,1,2
34,1,2,1,2,2,1,2,1,2,2,1,1,1,1,1,1,1,2,1,2,1,1,2,2,1,2,1,2,1,1,1,2,1,1,2,1,1,1,1,2
34,1,1,1,2,2,1,1,1,2,2,1,1,1,1,2,2,1,2,2,2,1,2,2,1,1,2,1,1,1,2,1,2,1,1,2,1,2,1,1,2
34,1,1,1,2,2,1,2,1,2,2,1,1,1,1,1,1,1,2,1,2,1,1,2,1,1,2,1,1,2,1,1,2,1,1,2,1,1,1,1,2
34,1,1,1,2,1,1,2,1,2,2,1,1,1,1,2,1,2,2,2,2,1,2,1,1,1,2,1,1,1,1,2,2,1,2,2,1,2,1,1,2
34,1,1,2,2,2,1,2,1,2,2,1,1,1,1,1,1,1,2,2,2,1,2,2,2,1,2,1,1,1,1,1,2,1,1,2,1,1,2,1,2
34,1,1,1,2,2,1,2,1,2,1,2,1,1,1,2,1,1,2,2,2,2,1,1,1,1,2,1,2,1,1,1,2,1,1,2,1,1,1,1,2
35,1,1,1,2,2,1,2,1,2,2,1,1,1,1,2,1,1,1,2,2,1,1,2,1,2,2,1,2,1,1,1,2,1,1,2,1,2,1,1,2
35,1,2,1,1,2,1,2,1,2,2,1,1,1,1,2,1,1,2,1,2,1,2,2,2,1,2,1,2,1,1,1,2,1,1,2,1,1,1,1,2
35,1,1,2,1,2,1,2,1,2,2,1,1,1,1,2,2,2,2,2,2,1,2,2,1,1,2,1,2,1,1,2,2,1,2,2,1,1,1,1,2
35,1,2,2,2,2,1,2,1,2,2,1,1,1,1,2,1,2,2,2,2,1,2,2,1,1,2,1,2,1,1,1,2,2,1,2,1,2,2,1,2
35,1,1,1,2,2,1,2,1,2,2,1,1,1,1,2,1,1,2,2,2,2,1,2,1,1,2,1,2,1,1,1,1,1,1,2,2,1,1,1,2
35,1,1,2,2,2,1,2,1,2,2,1,1,1,1,2,1,1,1,2,2,1,1,2,1,1,2,1,2,1,1,1,2,1,1,2,1,2,1,1,2
35,1,1,1,2,2,1,2,2,2,2,1,1,1,1,1,1,1,1,2,2,2,2,2,1,1,2,1,2,1,1,1,2,1,1,2,1,1,1,1,2
35,1,1,2,2,2,1,1,1,2,2,1,1,1,1,1,1,2,2,2,2,1,2,2,1,1,2,1,1,1,1,1,2,1,1,2,1,1,2,1,2
35,1,2,1,2,2,1,2,1,2,2,1,1,1,1,2,1,1,2,2,2,1,1,2,1,1,2,1,1,1,1,1,1,1,1,2,1,1,1,1,2
35,1,1,2,2,2,1,2,1,2,2,1,1,1,1,2,1,2,2,2,2,1,2,2,2,1,2,1,2,1,1,1,2,1,1,1,2,1,1,2,2
35,1,2,1,2,2,1,2,1,2,2,1,1,1,2,2,2,2,2,2,2,1,2,2,1,2,1,1,2,1,1,1,2,1,1,2,1,1,1,1,2
35,1,2,1,2,2,1,2,1,2,2,1,1,1,1,2,1,2,2,2,2,1,2,1,1,1,2,1,1,1,1,1,2,1,2,2,1,2,1,1,2
35,1,1,2,2,2,1,2,1,2,2,1,1,1,1,2,1,1,2,2,2,1,2,2,1,1,2,1,1,1,1,1,2,1,1,2,1,2,2,1,2
35,1,1,2,1,2,1,2,1,2,2,2,1,1,1,2,1,1,2,2,2,1,1,2,1,1,2,1,2,1,1,1,2,1,1,2,1,1,1,1,2
35,1,2,1,1,1,1,2,1,2,2,2,1,1,1,2,1,2,2,2,2,2,2,2,1,1,2,1,2,1,1,1,2,1,1,2,1,1,1,1,2
35,1,2,2,2,2,1,2,1,2,2,1,1,1,1,2,1,2,2,2,2,1,2,2,1,2,2,1,2,1,1,2,2,1,1,2,1,2,1,1,2
35,1,2,1,1,2,1,2,1,2,2,1,1,1,1,2,1,2,2,2,2,1,1,2,1,1,2,1,2,1,1,2,2,1,2,2,1,1,1,1,2
36,1,1,2,2,2,1,2,1,2,2,1,1,1,1,2,1,1,2,2,2,1,1,2,1,1,2,1,2,1,1,1,2,1,1,2,1,2,1,1,2
36,1,1,1,1,2,1,2,1,2,2,1,1,1,1,2,1,2,2,2,2,1,1,2,1,1,2,1,2,1,1,1,1,1,1,2,1,2,1,1,2
36,1,1,1,2,2,1,2,1,2,2,1,1,1,1,1,1,1,2,2,2,1,1,2,1,1,2,1,2,1,1,1,2,1,1,1,1,1,1,1,2
36,1,1,1,2,2,1,2,1,2,2,1,1,1,2,2,1,2,2,2,2,2,1,2,1,1,2,1,2,1,1,1,2,1,2,2,1,1,1,1,2
36,1,1,2,2,2,1,2,1,2,2,1,1,1,2,2,1,2,2,2,2,1,2,1,1,1,2,1,2,1,1,1,2,1,2,2,1,1,1,1,2
36,1,1,2,2,2,1,2,1,2,2,1,1,1,1,2,1,2,2,2,2,1,1,2,2,1,2,1,2,1,1,1,2,1,1,2,1,1,2,1,2
36,1,1,1,1,2,1,2,1,2,2,1,1,1,1,2,1,2,2,1,2,1,2,2,1,1,1,1,2,2,1,1,2,1,1,2,1,1,1,1,2
36,1,1,1,2,2,1,2,1,2,2,2,1,1,2,1,1,2,2,2,2,1,2,2,1,2,2,1,2,1,1,1,2,1,1,2,1,1,1,1,2
36,1,1,1,2,2,1,2,1,2,2,1,1,1,1,1,1,2,2,2,2,1,1,2,1,1,2,1,2,2,1,1,2,1,1,2,1,1,2,1,2
36,1,2,2,2,2,1,2,1,2,2,1,1,1,1,2,1,2,2,1,2,1,2,2,1,1,2,1,2,1,1,1,2,1,1,1,1,1,1,1,2
36,1,1,1,2,2,1,2,1,2,2,1,1,1,2,2,1,2,2,2,2,1,1,2,2,1,2,1,2,1,1,1,2,1,1,2,1,1,1,2,2
36,1,2,1,2,2,1,2,1,2,2,1,1,1,1,2,1,2,2,2,2,1,1,2,1,1,2,1,2,1,1,1,2,1,1,1,1,2,1,1,2
36,2,1,1,1,2,1,2,1,2,2,2,1,1,1,2,1,1,2,2,2,1,2,2,1,1,2,1,2,1,1,1,2,1,1,2,1,1,1,1,2
36,1,1,2,2,2,1,2,1,2,2,1,1,1,2,1,1,2,2,2,2,1,2,2,1,1,2,1,2,1,1,1,2,1,1,2,1,2,1,1,2
36,1,1,1,2,2,1,2,1,2,2,1,1,1,1,1,2,2,2,1,2,1,1,2,1,1,2,1,2,1,1,1,2,1,1,2,1,1,1,1,2
36,1,1,1,1,2,1,2,1,2,2,1,1,1,1,2,1,2,2,2,2,1,2,2,2,1,2,1,1,1,1,1,2,1,1,2,1,1,2,1,2
36,1,1,1,2,2,1,2,1,2,2,1,1,1,1,2,2,2,2,2,2,2,1,2,1,1,2,1,1,1,1,1,2,1,1,2,1,1,1,1,2
37,1,1,2,1,2,1,2,1,2,2,1,1,1,1,2,1,2,2,2,2,1,1,2,1,1,2,1,2,1,1,1,2,1,1,2,1,1,1,1,2
37,1,2,2,2,2,1,2,1,2,2,1,1,1,1,2,1,1,2,2,2,1,2,2,1,1,2,1,2,1,1,1,2,1,1,2,1,1,1,1,2
37,1,1,1,2,2,1,2,1,2,2,1,1,1,1,1,1,2,2,1,1,1,2,2,1,1,2,1,2,1,1,1,2,1,1,2,1,1,1,1,2
37,1,2,1,2,2,1,2,1,2,2,1,1,1,1,2,1,2,2,2,2,1,2,2,1,1,2,1,1,1,1,1,2,1,1,2,1,1,1,1,1
37,1,2,2,2,2,1,2,1,2,2,1,1,1,1,2,1,2,2,2,2,1,2,2,1,1,2,1,2,1,1,1,2,1,1,2,1,2,1,1,2
37,1,1,1,2,2,1,2,1,2,2,1,1,1,1,2,1,2,2,2,2,1,2,1,1,1,2,1,1,1,1,1,2,1,1,2,1,2,1,1,2
37,1,2,2,2,2,1,2,1,2,2,1,1,1,1,1,1,2,2,2,2,1,2,2,1,1,2,1,2,1,1,1,2,1,1,2,1,1,1,1,2
37,1,1,1,2,2,1,2,1,2,2,1,1,1,1,1,1,2,2,2,2,1,2,1,1,1,2,1,2,1,1,1,2,1,1,2,1,2,1,1,2
37,1,1,2,2,2,1,2,1,2,2,1,1,1,1,2,1,2,2,2,2,1,1,2,1,1,2,1,2,1,1,2,2,1,1,2,1,1,1,1,2
37,1,1,1,1,2,1,2,1,2,2,1,1,1,2,2,1,2,2,2,2,1,2,2,1,2,2,1,2,1,1,1,2,1,1,2,1,1,1,1,2
37,1,1,1,2,2,1,2,1,2,2,2,1,1,1,2,1,1,2,2,2,1,1,2,1,1,2,1,2,1,1,1,2,1,1,2,1,1,1,1,2
37,1,2,1,2,2,1,2,1,2,2,1,1,1,1,2,1,2,2,2,2,1,2,2,1,1,2,1,1,2,1,1,2,1,1,2,1,1,1,1,2
37,1,1,2,2,2,1,2,1,2,2,1,1,1,1,2,1,2,2,2,2,1,2,2,1,1,2,1,1,1,1,1,2,1,1,2,1,2,1,1,2
37,1,1,1,2,2,1,2,1,2,2,1,1,1,1,2,1,2,2,2,2,2,2,2,1,1,2,1,1,1,1,1,2,0,1,2,1,1,1,1,2
37,1,1,1,2,2,1,2,1,2,2,1,1,1,1,2,2,2,2,2,2,1,2,2,2,1,2,1,1,1,1,1,2,1,1,2,1,1,1,1,2
37,1,1,1,2,2,1,2,1,2,2,1,1,1,1,1,1,2,2,1,2,1,2,2,1,1,2,1,2,2,1,1,2,1,1,2,1,1,1,1,2
37,1,1,1,1,2,1,2,1,2,2,1,1,1,2,2,1,2,2,2,2,1,2,2,1,1,2,1,2,1,1,1,2,1,2,2,1,1,1,1,2
38,1,2,1,2,2,1,2,2,2,2,1,1,1,1,2,1,2,2,2,2,1,2,2,1,1,2,1,2,1,1,1,2,1,1,2,1,1,1,1,2
38,1,1,2,2,2,1,2,1,2,2,1,1,1,1,2,1,1,2,2,2,1,2,2,1,1,2,1,2,1,1,1,2,1,1,2,1,1,1,1,2
38,1,2,1,2,2,1,2,1,2,2,1,1,1,1,2,1,2,2,2,2,1,2,2,1,1,2,1,2,1,1,1,2,1,2,2,1,1,1,1,2
38,1,1,1,2,2,1,2,1,1,2,1,1,1,1,2,2,2,2,2,2,1,2,2,1,1,2,1,2,1,1,1,2,1,1,2,1,1,1,1,2
38,1,1,1,2,2,1,2,1,2,2,1,1,1,1,2,1,2,2,2,2,1,2,1,1,1,2,1,2,1,1,1,2,1,1,1,1,1,1,1,2
38,1,1,1,2,2,1,2,1,2,2,1,1,1,2,2,1,2,2,2,2,1,1,2,1,1,2,1,2,1,1,1,2,1,1,2,1,1,1,1,2
38,1,1,1,2,2,1,2,1,2,2,1,1,1,1,2,1,2,2,2,2,1,1,2,1,2,2,1,2,1,1,1,2,1,1,2,1,1,1,1,2
38,1,1,1,2,2,1,2,1,2,2,1,1,1,1,2,1,1,2,2,2,1,2,2,1,1,2,1,2,1,1,1,2,1,1,2,1,1,0,1,2
38,1,1,1,1,2,1,2,1,2,2,1,1,1,1,2,2,2,2,2,2,1,2,2,1,1,2,1,2,1,1,1,2,1,1,2,1,1,1,1,2
38,1,1,1,2,2,1,2,1,2,2,1,1,1,1,2,1,1,2,2,2,1,2,2,2,1,2,1,2,1,1,1,2,1,1,2,1,1,1,1,2
38,1,1,2,2,2,1,2,1,2,2,1,1,1,1,2,1,2,2,2,2,1,2,2,2,1,2,1,2,1,1,1,2,1,1,2,1,1,1,1,2
38,1,1,2,2,2,1,2,1,2,2,1,1,1,1,2,1,1,2,2,2,1,2,2,1,1,2,1,2,1,1,1,2,1,1,2,1,1,1,1,2
38,1,1,2,1,2,1,2,1,2,2,1,1,1,1,2,1,2,2,2,2,1,2,2,1,1,2,1,2,1,1,1,2,1,1,2,1,1,1,1,2
38,1,1,1,2,2,1,2,1,2,2,1,1,1,1,2,1,1,2,2,2,1,2,2,1,1,2,1,1,1,1,1,2,1,1,2,1,1,1,1,2
38,1,1,1,2,2,1,2,1,2,2,1,1,1,1,2,1,2,2,1,2,1,2,2,1,1,2,1,2,2,1,1,2,1,1,2,1,1,1,1,2
38,1,1,1,2,2,1,2,1,2,2,1,1,1,2,2,1,2,2,2,2,1,2,2,1,1,2,1,2,1,1,1,2,1,1,2,1,1,2,1,2
38,1,1,2,2,2,1,2,1,2,2,1,1,1,1,2,1,2,2,2,2,1,1,2,1,1,2,1,2,1,1,1,2,1,1,2,1,1,1,1,2
39,1,1,1,2,2,1,2,1,2,2,1,1,1,1,2,1,2,2,2,2,1,2,2,1,1,2,1,2,1,1,1,2,2,1,2,1,1,1,1,2
39,1,1,1,2,2,1,2,1,2,2,1,1,1,1,2,2,2,2,2,2,1,2,2,1,1,2,1,2,1,1,1,2,1,1,2,1,1,1,1,2
39,1,1,1,2,2,1,2,1,2,2,1,1,1,1,2,1,2,2,2,2,1,1,2,1,1,2,1,2,1,1,1,2,1,1,2,1,1,1,1,2
39,1,1,1,2,2,1,2,1,2,2,1,1,1,1,2,1,1,2,2,2,1,2,2,1,1,2,1,2,1,1,1,2,1,1,2,1,1,1,1,2
39,1,1,1,2,2,1,2,1,2,2,1,1,1,1,2,1,2,2,2,2,1,2,2,1,1,2,1,2,1,1,1,2,1,1,2,1,2,1,1,2
39,1,1,1,1,2,1,2,1,2,2,1,1,1,1,2,1,2,2,2,2,1,2,2,1,1,2,1,2,1,1,1,2,1,1,2,1,1,1,1,2
39,1,2,1,2,2,1,2,1,2,2,1,1,1,1,2,1,2,2,2,2,1,2,2,1,1,2,1,2,1,1,1,2,1,1,2,1,1,1,1,2
39,1,1,1,2,2,1,2,1,2,2,1,1,1,1,2,1,2,2,2,2,1,1,2,1,1,2,1,2,1,1,1,2,1,1,2,1,1,1,1,2
39,1,1,1,2,2,1,2,1,2,2,1,1,1,1,2,1,2,2,2,2,1,1,2,1,1,2,1,2,1,1,1,2,1,1,2,1,1,1,1,2
39,1,1,1,2,2,1,2,1,2,2,1,1,1,1,2,1,2,2,2,2,1,2,2,1,1,2,1,2,1,1,1,2,1,2,2,1,1,1,1,2
39,1,1,0,2,2,1,2,1,2,2,1,1,1,1,2,1,2,2,2,2,1,2,2,1,1,2,1,2,1,1,1,2,1,1,2,1,1,1,1,2
39,1,1,1,2,2,1,2,1,2,2,1,1,1,1,2,1,2,2,2,2,1,1,2,1,1,2,1,2,1,1,1,2,1,1,2,1,1,1,1,2
39,1,1,2,2,2,1,2,1,2,2,1,1,1,1,2,1,2,2,2,2,1,2,2,1,1,2,1,2,1,1,1,2,1,1,2,1,1,1,1,2
39,1,1,1,2,2,1,2,1,2,2,1,1,1,1,2,1,2,2,2,2,1,2,2,2,1,2,1,2,1,1,1,2,1,1,2,1,1,1,1,2
39,1,2,1,2,2,1,2,1,2,2,1,1,1,1,2,1,2,2,2,2,1,2,2,1,1,2,1,2,1,1,1,2,1,1,2,1,1,1,1,2
39,1,1,1,2,2,1,2,1,2,2,1,1,1,1,2,1,2,2,2,2,1,2,2,1,1,2,1,2,1,1,1,2,1,1,2,1,2,1,1,2
39,1,2,1,2,2,1,2,1,2,2,1,1,1,1,2,1,2,2,2,2,1,2,2,1,1,2,1,2,1,1,1,2,1,1,2,1,1,1,1,2
40,1,1,1,2,2,1,2,1,2,2,1,1,1,1,2,1,2,2,2,2,1,2,2,1,1,2,1,2,1,1,1,2,1,1,2,1,1,1,1,2
40,1,1,1,2,2,1,2,1,2,2,1,1,1,1,2,1,2,2,2,2,1,2,2,1,1,2,1,2,1,1,1,2,1,1,2,1,1,1,1,2
40,1,1,1,2,2,1,2,1,2,2,1,1,1,1,2,1,2,2,2,2,1,2,2,1,1,2,1,2,1,1,1,2,1,1,2,1,1,1,1,2
40,1,1,1,2,2,1,2,1,2,2,1,1,1,1,2,1,2,2,2,2,1,2,2,1,1,2,1,2,1,1,1,2,1,1,2,1,1,1,1,2
40,1,1,1,2,2,1,2,1,2,2,1,1,1,1,2,1,2,2,2,2,1,2,2,1,1,2,1,2,1,1,1,2,1,1,2,1,1,1,1,2
40,1,1,1,2,2,1,2,1,2,2,1,1,1,1,2,1,2,2,2,2,1,2,2,1,1,2,1,2,1,1,1,2,1,1,2,1,1,1,1,2
40,1,1,1,2,2,1,2,1,2,2,1,1,1,1,2,1,2,2,2,2,1,2,2,1,1,2,1,2,1,1,1,2,1,1,2,1,1,1,1,2
40,1,1,1,2,2,1,2,1,2,2,1,1,1,1,2,1,2,2,2,2,1,2,2,1,1,2,1,2,1,1,1,2,1,1,2,1,1,1,1,2
40,1,1,1,2,2,1,2,1,2,2,1,1,1,1,2,1,2,2,2,2,1,2,2,1,1,2,1,2,1,1,1,2,1,1,2,1,1,1,1,2
40,1,1,1,2,2,1,2,1,2,2,1,1,1,1,2,1,2,2,2,2,1,2,2,1,1,2,1,2,1,1,1,2,1,1,2,1,1,1,1,2
40,1,1,1,2,2,1,2,1,2,2,1,1,1,1,2,1,2,2,2,2,1,2,2,1,1,2,1,2,1,1,1,2,1,1,2,1,1,1,1,2
40,1,1,1,2,2,1,2,1,2,2,1,1,1,1,2,1,2,2,2,2,1,2,2,1,1,2,1,2,1,1,1,2,1,1,2,1,1,1,1,2
40,1,1,1,2,2,1,2,1,2,2,1,1,1,1,2,1,2,2,2,2,1,2,2,1,1,2,1,2,1,1,1,2,1,1,2,1,1,1,1,2
40,1,1,1,2,2,1,2,1,2,2,1,1,1,1,2,1,2,2,2,2,1,2,2,1,1,2,1,2,1,1,1,2,1,1,2,1,1,1,1,2
40,1,1,1,2,2,1,2,1,2,2,1,1,1,1,2,1,2,2,2,2,1,2,2,1,1,2,1,2,1,1,1,2,1,1,2,1,1,1,1,2
40,1,1,1,2,2,1,2,1,2,2,1,1,1,1,2,1,2,2,2,2,1,2,2,1,1,2,1,2,1,1,1,2,1,1,2,1,1,1,1,2
40,1,1,1,2,2,1,2,1,2,2,1,1,1,1,2,1,2,2,2,2,1,2,2,1,1,2,1,2,1,1,1,2,1,1,2,1,1,1,1,2
